iteration,n_labeled,cumulative_cost,cumulative_actives,actives_per_dollar
0,1,1.0,0,0.0
0,2,2.0,0,0.0
0,3,3.0,0,0.0
0,4,4.0,0,0.0
0,5,5.0,0,0.0
0,6,6.0,0,0.0
0,7,7.0,0,0.0
0,8,8.0,0,0.0
0,9,9.0,0,0.0
0,10,10.0,0,0.0
0,11,11.0,0,0.0
0,12,12.0,0,0.0
0,13,13.0,0,0.0
0,14,14.0,0,0.0
0,15,15.0,0,0.0
0,16,16.0,0,0.0
0,17,17.0,0,0.0
0,18,18.0,0,0.0
0,19,19.0,0,0.0
0,20,20.0,0,0.0
0,21,21.0,0,0.0
0,22,22.0,0,0.0
0,23,23.0,0,0.0
0,24,24.0,0,0.0
0,25,25.0,0,0.0
0,26,26.0,0,0.0
0,27,27.0,0,0.0
0,28,28.0,0,0.0
0,29,29.0,0,0.0
0,30,30.0,0,0.0
0,31,31.0,0,0.0
0,32,32.0,0,0.0
0,33,33.0,0,0.0
0,34,34.0,0,0.0
0,35,35.0,0,0.0
0,36,36.0,0,0.0
0,37,37.0,0,0.0
0,38,38.0,0,0.0
0,39,39.0,0,0.0
0,40,40.0,0,0.0
0,41,41.0,0,0.0
0,42,42.0,0,0.0
0,43,43.0,0,0.0
0,44,44.0,0,0.0
0,45,45.0,0,0.0
0,46,46.0,0,0.0
0,47,47.0,0,0.0
0,48,48.0,0,0.0
0,49,49.0,0,0.0
0,50,50.0,0,0.0
0,51,51.0,0,0.0
0,52,52.0,0,0.0
0,53,53.0,0,0.0
0,54,54.0,0,0.0
0,55,55.0,0,0.0
0,56,56.0,0,0.0
0,57,57.0,0,0.0
0,58,58.0,0,0.0
0,59,59.0,0,0.0
0,60,60.0,0,0.0
0,61,61.0,0,0.0
0,62,62.0,0,0.0
0,63,63.0,0,0.0
0,64,64.0,0,0.0
0,65,65.0,0,0.0
0,66,66.0,0,0.0
0,67,67.0,0,0.0
0,68,68.0,0,0.0
0,69,69.0,0,0.0
0,70,70.0,0,0.0
0,71,71.0,0,0.0
0,72,72.0,0,0.0
0,73,73.0,0,0.0
0,74,74.0,0,0.0
0,75,75.0,0,0.0
0,76,76.0,0,0.0
0,77,77.0,0,0.0
0,78,78.0,0,0.0
0,79,79.0,0,0.0
0,80,80.0,0,0.0
0,81,81.0,0,0.0
0,82,82.0,0,0.0
0,83,83.0,0,0.0
0,84,84.0,0,0.0
0,85,85.0,0,0.0
0,86,86.0,0,0.0
0,87,87.0,0,0.0
0,88,88.0,0,0.0
0,89,89.0,0,0.0
0,90,90.0,0,0.0
0,91,91.0,0,0.0
0,92,92.0,0,0.0
0,93,93.0,0,0.0
0,94,94.0,0,0.0
0,95,95.0,0,0.0
0,96,96.0,0,0.0
0,97,97.0,0,0.0
0,98,98.0,0,0.0
0,99,99.0,0,0.0
0,100,100.0,0,0.0
0,101,101.0,0,0.0
0,102,102.0,0,0.0
0,103,103.0,0,0.0
0,104,104.0,0,0.0
0,105,105.0,0,0.0
0,106,106.0,0,0.0
0,107,107.0,0,0.0
0,108,108.0,0,0.0
0,109,109.0,0,0.0
0,110,110.0,0,0.0
0,111,111.0,0,0.0
0,112,112.0,0,0.0
0,113,113.0,0,0.0
0,114,114.0,0,0.0
0,115,115.0,0,0.0
0,116,116.0,0,0.0
0,117,117.0,0,0.0
0,118,118.0,0,0.0
0,119,119.0,0,0.0
0,120,120.0,0,0.0
0,121,121.0,0,0.0
0,122,122.0,0,0.0
0,123,123.0,0,0.0
0,124,124.0,0,0.0
0,125,125.0,0,0.0
0,126,126.0,0,0.0
0,127,127.0,0,0.0
0,128,128.0,0,0.0
0,129,129.0,0,0.0
0,130,130.0,0,0.0
0,131,131.0,0,0.0
0,132,132.0,0,0.0
0,133,133.0,0,0.0
0,134,134.0,0,0.0
0,135,135.0,0,0.0
0,136,136.0,0,0.0
0,137,137.0,0,0.0
0,138,138.0,0,0.0
0,139,139.0,0,0.0
0,140,140.0,0,0.0
0,141,141.0,0,0.0
0,142,142.0,0,0.0
0,143,143.0,0,0.0
0,144,144.0,0,0.0
0,145,145.0,0,0.0
0,146,146.0,0,0.0
0,147,147.0,0,0.0
0,148,148.0,0,0.0
0,149,149.0,0,0.0
0,150,150.0,0,0.0
0,151,151.0,0,0.0
0,152,152.0,0,0.0
0,153,153.0,0,0.0
0,154,154.0,0,0.0
0,155,155.0,0,0.0
0,156,156.0,0,0.0
0,157,157.0,0,0.0
0,158,158.0,0,0.0
0,159,159.0,0,0.0
0,160,160.0,0,0.0
0,161,161.0,0,0.0
0,162,162.0,0,0.0
0,163,163.0,0,0.0
0,164,164.0,0,0.0
0,165,165.0,0,0.0
0,166,166.0,0,0.0
0,167,167.0,0,0.0
0,168,168.0,0,0.0
0,169,169.0,0,0.0
0,170,170.0,0,0.0
0,171,171.0,0,0.0
0,172,172.0,0,0.0
0,173,173.0,0,0.0
0,174,174.0,0,0.0
0,175,175.0,0,0.0
0,176,176.0,0,0.0
0,177,177.0,0,0.0
0,178,178.0,0,0.0
0,179,179.0,0,0.0
0,180,180.0,0,0.0
0,181,181.0,0,0.0
0,182,182.0,0,0.0
0,183,183.0,0,0.0
0,184,184.0,0,0.0
0,185,185.0,0,0.0
0,186,186.0,0,0.0
0,187,187.0,0,0.0
0,188,188.0,0,0.0
0,189,189.0,0,0.0
0,190,190.0,0,0.0
0,191,191.0,0,0.0
0,192,192.0,0,0.0
0,193,193.0,0,0.0
0,194,194.0,0,0.0
0,195,195.0,0,0.0
0,196,196.0,0,0.0
0,197,197.0,0,0.0
0,198,198.0,0,0.0
0,199,199.0,0,0.0
0,200,200.0,0,0.0
0,201,201.0,0,0.0
0,202,202.0,0,0.0
0,203,203.0,0,0.0
0,204,204.0,0,0.0
0,205,205.0,0,0.0
0,206,206.0,0,0.0
0,207,207.0,0,0.0
0,208,208.0,0,0.0
0,209,209.0,0,0.0
0,210,210.0,0,0.0
0,211,211.0,0,0.0
0,212,212.0,0,0.0
0,213,213.0,0,0.0
0,214,214.0,0,0.0
0,215,215.0,0,0.0
0,216,216.0,0,0.0
0,217,217.0,0,0.0
0,218,218.0,0,0.0
0,219,219.0,0,0.0
0,220,220.0,0,0.0
0,221,221.0,0,0.0
0,222,222.0,0,0.0
0,223,223.0,0,0.0
0,224,224.0,0,0.0
0,225,225.0,0,0.0
0,226,226.0,0,0.0
0,227,227.0,0,0.0
0,228,228.0,0,0.0
0,229,229.0,0,0.0
0,230,230.0,0,0.0
0,231,231.0,0,0.0
0,232,232.0,0,0.0
0,233,233.0,0,0.0
0,234,234.0,0,0.0
0,235,235.0,0,0.0
0,236,236.0,0,0.0
0,237,237.0,0,0.0
0,238,238.0,0,0.0
0,239,239.0,0,0.0
0,240,240.0,0,0.0
0,241,241.0,0,0.0
0,242,242.0,0,0.0
0,243,243.0,0,0.0
0,244,244.0,0,0.0
0,245,245.0,0,0.0
0,246,246.0,0,0.0
0,247,247.0,0,0.0
0,248,248.0,0,0.0
0,249,249.0,0,0.0
0,250,250.0,0,0.0
0,251,251.0,0,0.0
0,252,252.0,0,0.0
0,253,253.0,0,0.0
0,254,254.0,0,0.0
0,255,255.0,0,0.0
0,256,256.0,0,0.0
0,257,257.0,0,0.0
0,258,258.0,0,0.0
0,259,259.0,0,0.0
0,260,260.0,0,0.0
0,261,261.0,0,0.0
0,262,262.0,0,0.0
0,263,263.0,0,0.0
0,264,264.0,0,0.0
0,265,265.0,0,0.0
0,266,266.0,0,0.0
0,267,267.0,0,0.0
0,268,268.0,0,0.0
0,269,269.0,0,0.0
0,270,270.0,0,0.0
0,271,271.0,0,0.0
0,272,272.0,0,0.0
0,273,273.0,0,0.0
0,274,274.0,0,0.0
0,275,275.0,0,0.0
0,276,276.0,0,0.0
0,277,277.0,0,0.0
0,278,278.0,0,0.0
0,279,279.0,0,0.0
0,280,280.0,0,0.0
0,281,281.0,0,0.0
0,282,282.0,0,0.0
0,283,283.0,0,0.0
0,284,284.0,0,0.0
0,285,285.0,0,0.0
0,286,286.0,0,0.0
0,287,287.0,0,0.0
0,288,288.0,0,0.0
0,289,289.0,0,0.0
0,290,290.0,0,0.0
0,291,291.0,0,0.0
0,292,292.0,0,0.0
0,293,293.0,0,0.0
0,294,294.0,0,0.0
0,295,295.0,0,0.0
0,296,296.0,0,0.0
0,297,297.0,0,0.0
0,298,298.0,0,0.0
0,299,299.0,0,0.0
0,300,300.0,0,0.0
0,301,301.0,0,0.0
0,302,302.0,0,0.0
0,303,303.0,0,0.0
0,304,304.0,0,0.0
0,305,305.0,0,0.0
0,306,306.0,0,0.0
0,307,307.0,0,0.0
0,308,308.0,0,0.0
0,309,309.0,0,0.0
0,310,310.0,0,0.0
0,311,311.0,0,0.0
0,312,312.0,0,0.0
0,313,313.0,0,0.0
0,314,314.0,0,0.0
0,315,315.0,0,0.0
0,316,316.0,0,0.0
0,317,317.0,0,0.0
0,318,318.0,0,0.0
0,319,319.0,0,0.0
0,320,320.0,0,0.0
0,321,321.0,0,0.0
0,322,322.0,0,0.0
0,323,323.0,0,0.0
0,324,324.0,0,0.0
0,325,325.0,0,0.0
0,326,326.0,0,0.0
0,327,327.0,0,0.0
0,328,328.0,0,0.0
0,329,329.0,0,0.0
0,330,330.0,0,0.0
0,331,331.0,0,0.0
0,332,332.0,0,0.0
0,333,333.0,0,0.0
0,334,334.0,0,0.0
0,335,335.0,0,0.0
0,336,336.0,0,0.0
0,337,337.0,0,0.0
0,338,338.0,0,0.0
0,339,339.0,0,0.0
0,340,340.0,0,0.0
0,341,341.0,0,0.0
0,342,342.0,0,0.0
0,343,343.0,0,0.0
0,344,344.0,0,0.0
0,345,345.0,0,0.0
0,346,346.0,0,0.0
0,347,347.0,0,0.0
0,348,348.0,0,0.0
0,349,349.0,0,0.0
0,350,350.0,0,0.0
0,351,351.0,0,0.0
0,352,352.0,0,0.0
0,353,353.0,0,0.0
0,354,354.0,0,0.0
0,355,355.0,0,0.0
0,356,356.0,0,0.0
0,357,357.0,0,0.0
0,358,358.0,0,0.0
0,359,359.0,0,0.0
0,360,360.0,0,0.0
0,361,361.0,0,0.0
0,362,362.0,0,0.0
0,363,363.0,0,0.0
0,364,364.0,0,0.0
0,365,365.0,0,0.0
0,366,366.0,0,0.0
0,367,367.0,0,0.0
0,368,368.0,0,0.0
0,369,369.0,0,0.0
0,370,370.0,0,0.0
0,371,371.0,0,0.0
0,372,372.0,0,0.0
0,373,373.0,0,0.0
0,374,374.0,0,0.0
0,375,375.0,0,0.0
0,376,376.0,0,0.0
0,377,377.0,0,0.0
0,378,378.0,0,0.0
0,379,379.0,0,0.0
0,380,380.0,0,0.0
0,381,381.0,0,0.0
0,382,382.0,0,0.0
0,383,383.0,0,0.0
0,384,384.0,0,0.0
0,385,385.0,0,0.0
0,386,386.0,0,0.0
0,387,387.0,0,0.0
0,388,388.0,0,0.0
0,389,389.0,0,0.0
0,390,390.0,0,0.0
0,391,391.0,0,0.0
0,392,392.0,0,0.0
0,393,393.0,0,0.0
0,394,394.0,0,0.0
0,395,395.0,0,0.0
0,396,396.0,0,0.0
0,397,397.0,0,0.0
0,398,398.0,0,0.0
0,399,399.0,0,0.0
0,400,400.0,0,0.0
0,401,401.0,0,0.0
0,402,402.0,0,0.0
0,403,403.0,0,0.0
0,404,404.0,0,0.0
0,405,405.0,0,0.0
0,406,406.0,0,0.0
0,407,407.0,0,0.0
0,408,408.0,0,0.0
0,409,409.0,0,0.0
0,410,410.0,0,0.0
0,411,411.0,0,0.0
0,412,412.0,0,0.0
0,413,413.0,0,0.0
0,414,414.0,0,0.0
0,415,415.0,0,0.0
0,416,416.0,0,0.0
0,417,417.0,0,0.0
0,418,418.0,0,0.0
0,419,419.0,0,0.0
0,420,420.0,0,0.0
0,421,421.0,0,0.0
0,422,422.0,0,0.0
0,423,423.0,0,0.0
0,424,424.0,0,0.0
0,425,425.0,0,0.0
0,426,426.0,0,0.0
0,427,427.0,0,0.0
0,428,428.0,0,0.0
0,429,429.0,0,0.0
0,430,430.0,0,0.0
0,431,431.0,0,0.0
0,432,432.0,0,0.0
0,433,433.0,0,0.0
0,434,434.0,0,0.0
0,435,435.0,0,0.0
0,436,436.0,0,0.0
0,437,437.0,0,0.0
0,438,438.0,0,0.0
0,439,439.0,0,0.0
0,440,440.0,0,0.0
0,441,441.0,0,0.0
0,442,442.0,0,0.0
0,443,443.0,0,0.0
0,444,444.0,0,0.0
0,445,445.0,0,0.0
0,446,446.0,0,0.0
0,447,447.0,0,0.0
0,448,448.0,0,0.0
0,449,449.0,0,0.0
0,450,450.0,0,0.0
0,451,451.0,0,0.0
0,452,452.0,0,0.0
0,453,453.0,0,0.0
0,454,454.0,0,0.0
0,455,455.0,0,0.0
0,456,456.0,0,0.0
0,457,457.0,0,0.0
0,458,458.0,0,0.0
0,459,459.0,0,0.0
0,460,460.0,0,0.0
0,461,461.0,0,0.0
0,462,462.0,0,0.0
0,463,463.0,0,0.0
0,464,464.0,0,0.0
0,465,465.0,0,0.0
0,466,466.0,0,0.0
0,467,467.0,0,0.0
0,468,468.0,0,0.0
0,469,469.0,0,0.0
0,470,470.0,0,0.0
0,471,471.0,0,0.0
0,472,472.0,0,0.0
0,473,473.0,0,0.0
0,474,474.0,0,0.0
0,475,475.0,0,0.0
0,476,476.0,0,0.0
0,477,477.0,0,0.0
0,478,478.0,0,0.0
0,479,479.0,0,0.0
0,480,480.0,0,0.0
0,481,481.0,0,0.0
0,482,482.0,0,0.0
0,483,483.0,0,0.0
0,484,484.0,0,0.0
0,485,485.0,0,0.0
0,486,486.0,0,0.0
0,487,487.0,0,0.0
0,488,488.0,0,0.0
0,489,489.0,0,0.0
0,490,490.0,0,0.0
0,491,491.0,0,0.0
0,492,492.0,0,0.0
0,493,493.0,0,0.0
0,494,494.0,0,0.0
0,495,495.0,0,0.0
0,496,496.0,0,0.0
0,497,497.0,0,0.0
0,498,498.0,0,0.0
0,499,499.0,0,0.0
0,500,500.0,0,0.0
0,501,501.0,0,0.0
0,502,502.0,0,0.0
0,503,503.0,0,0.0
0,504,504.0,0,0.0
0,505,505.0,0,0.0
0,506,506.0,0,0.0
0,507,507.0,0,0.0
0,508,508.0,0,0.0
0,509,509.0,0,0.0
0,510,510.0,0,0.0
0,511,511.0,0,0.0
0,512,512.0,0,0.0
0,513,513.0,0,0.0
0,514,514.0,0,0.0
0,515,515.0,0,0.0
0,516,516.0,0,0.0
0,517,517.0,0,0.0
0,518,518.0,0,0.0
0,519,519.0,0,0.0
0,520,520.0,0,0.0
0,521,521.0,0,0.0
0,522,522.0,0,0.0
0,523,523.0,0,0.0
0,524,524.0,0,0.0
0,525,525.0,0,0.0
0,526,526.0,0,0.0
0,527,527.0,0,0.0
0,528,528.0,0,0.0
0,529,529.0,0,0.0
0,530,530.0,0,0.0
0,531,531.0,0,0.0
0,532,532.0,0,0.0
0,533,533.0,0,0.0
0,534,534.0,0,0.0
0,535,535.0,0,0.0
0,536,536.0,0,0.0
0,537,537.0,0,0.0
0,538,538.0,0,0.0
0,539,539.0,0,0.0
0,540,540.0,0,0.0
0,541,541.0,0,0.0
0,542,542.0,0,0.0
0,543,543.0,0,0.0
0,544,544.0,0,0.0
0,545,545.0,0,0.0
0,546,546.0,0,0.0
0,547,547.0,0,0.0
0,548,548.0,0,0.0
0,549,549.0,0,0.0
0,550,550.0,0,0.0
0,551,551.0,0,0.0
0,552,552.0,0,0.0
0,553,553.0,0,0.0
0,554,554.0,0,0.0
0,555,555.0,0,0.0
0,556,556.0,0,0.0
0,557,557.0,0,0.0
0,558,558.0,0,0.0
0,559,559.0,0,0.0
0,560,560.0,0,0.0
0,561,561.0,0,0.0
0,562,562.0,0,0.0
0,563,563.0,0,0.0
0,564,564.0,0,0.0
0,565,565.0,0,0.0
0,566,566.0,0,0.0
0,567,567.0,0,0.0
0,568,568.0,0,0.0
0,569,569.0,0,0.0
0,570,570.0,0,0.0
0,571,571.0,0,0.0
0,572,572.0,0,0.0
0,573,573.0,0,0.0
0,574,574.0,0,0.0
0,575,575.0,0,0.0
0,576,576.0,0,0.0
0,577,577.0,0,0.0
0,578,578.0,0,0.0
0,579,579.0,0,0.0
0,580,580.0,0,0.0
0,581,581.0,0,0.0
0,582,582.0,0,0.0
0,583,583.0,0,0.0
0,584,584.0,0,0.0
0,585,585.0,0,0.0
0,586,586.0,0,0.0
0,587,587.0,0,0.0
0,588,588.0,0,0.0
0,589,589.0,0,0.0
0,590,590.0,0,0.0
0,591,591.0,0,0.0
0,592,592.0,0,0.0
0,593,593.0,0,0.0
0,594,594.0,0,0.0
0,595,595.0,0,0.0
0,596,596.0,0,0.0
0,597,597.0,0,0.0
0,598,598.0,0,0.0
0,599,599.0,0,0.0
0,600,600.0,0,0.0
0,601,601.0,0,0.0
0,602,602.0,0,0.0
0,603,603.0,0,0.0
0,604,604.0,0,0.0
0,605,605.0,0,0.0
0,606,606.0,0,0.0
0,607,607.0,0,0.0
0,608,608.0,0,0.0
0,609,609.0,0,0.0
0,610,610.0,0,0.0
0,611,611.0,0,0.0
0,612,612.0,0,0.0
0,613,613.0,0,0.0
0,614,614.0,0,0.0
0,615,615.0,0,0.0
0,616,616.0,0,0.0
0,617,617.0,0,0.0
0,618,618.0,0,0.0
0,619,619.0,0,0.0
0,620,620.0,0,0.0
0,621,621.0,0,0.0
0,622,622.0,0,0.0
0,623,623.0,0,0.0
0,624,624.0,0,0.0
0,625,625.0,0,0.0
0,626,626.0,0,0.0
0,627,627.0,0,0.0
0,628,628.0,0,0.0
0,629,629.0,0,0.0
0,630,630.0,0,0.0
0,631,631.0,0,0.0
0,632,632.0,0,0.0
0,633,633.0,0,0.0
0,634,634.0,0,0.0
0,635,635.0,0,0.0
0,636,636.0,0,0.0
0,637,637.0,0,0.0
0,638,638.0,0,0.0
0,639,639.0,0,0.0
0,640,640.0,0,0.0
0,641,641.0,0,0.0
0,642,642.0,0,0.0
0,643,643.0,0,0.0
0,644,644.0,0,0.0
0,645,645.0,0,0.0
0,646,646.0,0,0.0
0,647,647.0,0,0.0
0,648,648.0,0,0.0
0,649,649.0,0,0.0
0,650,650.0,0,0.0
0,651,651.0,0,0.0
0,652,652.0,0,0.0
0,653,653.0,0,0.0
0,654,654.0,0,0.0
0,655,655.0,0,0.0
0,656,656.0,0,0.0
0,657,657.0,0,0.0
0,658,658.0,0,0.0
0,659,659.0,0,0.0
0,660,660.0,0,0.0
0,661,661.0,0,0.0
0,662,662.0,0,0.0
0,663,663.0,0,0.0
0,664,664.0,0,0.0
0,665,665.0,0,0.0
0,666,666.0,0,0.0
0,667,667.0,0,0.0
0,668,668.0,0,0.0
0,669,669.0,0,0.0
0,670,670.0,0,0.0
0,671,671.0,0,0.0
0,672,672.0,0,0.0
0,673,673.0,0,0.0
0,674,674.0,0,0.0
0,675,675.0,0,0.0
0,676,676.0,0,0.0
0,677,677.0,0,0.0
0,678,678.0,0,0.0
0,679,679.0,0,0.0
0,680,680.0,0,0.0
0,681,681.0,0,0.0
0,682,682.0,0,0.0
0,683,683.0,0,0.0
0,684,684.0,0,0.0
0,685,685.0,0,0.0
0,686,686.0,0,0.0
0,687,687.0,0,0.0
0,688,688.0,0,0.0
0,689,689.0,0,0.0
0,690,690.0,0,0.0
0,691,691.0,0,0.0
0,692,692.0,0,0.0
0,693,693.0,0,0.0
0,694,694.0,0,0.0
0,695,695.0,0,0.0
0,696,696.0,0,0.0
0,697,697.0,0,0.0
0,698,698.0,0,0.0
0,699,699.0,0,0.0
0,700,700.0,0,0.0
0,701,701.0,0,0.0
0,702,702.0,0,0.0
0,703,703.0,0,0.0
0,704,704.0,0,0.0
0,705,705.0,0,0.0
0,706,706.0,0,0.0
0,707,707.0,0,0.0
0,708,708.0,0,0.0
0,709,709.0,0,0.0
0,710,710.0,0,0.0
0,711,711.0,0,0.0
0,712,712.0,0,0.0
0,713,713.0,0,0.0
0,714,714.0,0,0.0
0,715,715.0,0,0.0
0,716,716.0,0,0.0
0,717,717.0,0,0.0
0,718,718.0,0,0.0
0,719,719.0,0,0.0
0,720,720.0,0,0.0
0,721,721.0,0,0.0
0,722,722.0,0,0.0
0,723,723.0,0,0.0
0,724,724.0,0,0.0
0,725,725.0,0,0.0
0,726,726.0,0,0.0
0,727,727.0,0,0.0
0,728,728.0,0,0.0
0,729,729.0,0,0.0
0,730,730.0,0,0.0
0,731,731.0,0,0.0
0,732,732.0,0,0.0
0,733,733.0,0,0.0
0,734,734.0,0,0.0
0,735,735.0,0,0.0
0,736,736.0,0,0.0
0,737,737.0,0,0.0
0,738,738.0,0,0.0
0,739,739.0,0,0.0
0,740,740.0,0,0.0
0,741,741.0,0,0.0
0,742,742.0,0,0.0
0,743,743.0,0,0.0
0,744,744.0,0,0.0
0,745,745.0,0,0.0
0,746,746.0,0,0.0
0,747,747.0,0,0.0
0,748,748.0,0,0.0
0,749,749.0,0,0.0
0,750,750.0,0,0.0
0,751,751.0,0,0.0
0,752,752.0,0,0.0
0,753,753.0,0,0.0
0,754,754.0,0,0.0
0,755,755.0,0,0.0
0,756,756.0,0,0.0
0,757,757.0,0,0.0
0,758,758.0,0,0.0
0,759,759.0,0,0.0
0,760,760.0,0,0.0
0,761,761.0,0,0.0
0,762,762.0,0,0.0
0,763,763.0,0,0.0
0,764,764.0,0,0.0
0,765,765.0,0,0.0
0,766,766.0,0,0.0
0,767,767.0,0,0.0
0,768,768.0,0,0.0
0,769,769.0,0,0.0
0,770,770.0,0,0.0
0,771,771.0,0,0.0
0,772,772.0,0,0.0
0,773,773.0,0,0.0
0,774,774.0,0,0.0
0,775,775.0,0,0.0
0,776,776.0,0,0.0
0,777,777.0,0,0.0
0,778,778.0,0,0.0
0,779,779.0,0,0.0
0,780,780.0,0,0.0
0,781,781.0,0,0.0
0,782,782.0,0,0.0
0,783,783.0,0,0.0
0,784,784.0,0,0.0
0,785,785.0,0,0.0
0,786,786.0,0,0.0
0,787,787.0,0,0.0
0,788,788.0,0,0.0
0,789,789.0,0,0.0
0,790,790.0,0,0.0
0,791,791.0,0,0.0
0,792,792.0,0,0.0
0,793,793.0,0,0.0
0,794,794.0,0,0.0
0,795,795.0,0,0.0
0,796,796.0,0,0.0
0,797,797.0,0,0.0
0,798,798.0,0,0.0
0,799,799.0,0,0.0
0,800,800.0,0,0.0
0,801,801.0,0,0.0
0,802,802.0,0,0.0
0,803,803.0,0,0.0
0,804,804.0,0,0.0
0,805,805.0,0,0.0
0,806,806.0,0,0.0
0,807,807.0,0,0.0
0,808,808.0,0,0.0
0,809,809.0,0,0.0
0,810,810.0,0,0.0
0,811,811.0,0,0.0
0,812,812.0,0,0.0
0,813,813.0,0,0.0
0,814,814.0,0,0.0
0,815,815.0,0,0.0
0,816,816.0,0,0.0
0,817,817.0,0,0.0
0,818,818.0,0,0.0
0,819,819.0,0,0.0
0,820,820.0,0,0.0
0,821,821.0,0,0.0
0,822,822.0,0,0.0
0,823,823.0,0,0.0
0,824,824.0,0,0.0
0,825,825.0,0,0.0
0,826,826.0,0,0.0
0,827,827.0,0,0.0
0,828,828.0,0,0.0
0,829,829.0,0,0.0
0,830,830.0,0,0.0
0,831,831.0,0,0.0
0,832,832.0,0,0.0
0,833,833.0,0,0.0
0,834,834.0,0,0.0
0,835,835.0,0,0.0
0,836,836.0,0,0.0
0,837,837.0,0,0.0
0,838,838.0,0,0.0
0,839,839.0,0,0.0
0,840,840.0,0,0.0
0,841,841.0,0,0.0
0,842,842.0,0,0.0
0,843,843.0,0,0.0
0,844,844.0,0,0.0
0,845,845.0,0,0.0
0,846,846.0,0,0.0
0,847,847.0,0,0.0
0,848,848.0,0,0.0
0,849,849.0,0,0.0
0,850,850.0,0,0.0
0,851,851.0,0,0.0
0,852,852.0,0,0.0
0,853,853.0,0,0.0
0,854,854.0,0,0.0
0,855,855.0,0,0.0
0,856,856.0,0,0.0
0,857,857.0,0,0.0
0,858,858.0,0,0.0
0,859,859.0,0,0.0
0,860,860.0,0,0.0
0,861,861.0,0,0.0
0,862,862.0,0,0.0
0,863,863.0,0,0.0
0,864,864.0,0,0.0
0,865,865.0,0,0.0
0,866,866.0,0,0.0
0,867,867.0,0,0.0
0,868,868.0,0,0.0
0,869,869.0,0,0.0
0,870,870.0,0,0.0
0,871,871.0,0,0.0
0,872,872.0,0,0.0
0,873,873.0,0,0.0
0,874,874.0,0,0.0
0,875,875.0,0,0.0
0,876,876.0,0,0.0
0,877,877.0,0,0.0
0,878,878.0,0,0.0
0,879,879.0,0,0.0
0,880,880.0,0,0.0
0,881,881.0,0,0.0
0,882,882.0,0,0.0
0,883,883.0,0,0.0
0,884,884.0,0,0.0
0,885,885.0,0,0.0
0,886,886.0,0,0.0
0,887,887.0,0,0.0
0,888,888.0,0,0.0
0,889,889.0,0,0.0
0,890,890.0,0,0.0
0,891,891.0,0,0.0
0,892,892.0,0,0.0
0,893,893.0,0,0.0
0,894,894.0,0,0.0
0,895,895.0,0,0.0
0,896,896.0,0,0.0
0,897,897.0,0,0.0
0,898,898.0,0,0.0
0,899,899.0,0,0.0
0,900,900.0,0,0.0
0,901,901.0,0,0.0
0,902,902.0,0,0.0
0,903,903.0,0,0.0
0,904,904.0,0,0.0
0,905,905.0,0,0.0
0,906,906.0,0,0.0
0,907,907.0,0,0.0
0,908,908.0,0,0.0
0,909,909.0,0,0.0
0,910,910.0,0,0.0
0,911,911.0,0,0.0
0,912,912.0,0,0.0
0,913,913.0,0,0.0
0,914,914.0,0,0.0
0,915,915.0,0,0.0
0,916,916.0,0,0.0
0,917,917.0,0,0.0
0,918,918.0,0,0.0
0,919,919.0,0,0.0
0,920,920.0,0,0.0
0,921,921.0,0,0.0
0,922,922.0,0,0.0
0,923,923.0,0,0.0
0,924,924.0,0,0.0
0,925,925.0,0,0.0
0,926,926.0,0,0.0
0,927,927.0,0,0.0
0,928,928.0,0,0.0
0,929,929.0,0,0.0
0,930,930.0,0,0.0
0,931,931.0,0,0.0
0,932,932.0,0,0.0
0,933,933.0,0,0.0
0,934,934.0,0,0.0
0,935,935.0,0,0.0
0,936,936.0,0,0.0
0,937,937.0,0,0.0
0,938,938.0,0,0.0
0,939,939.0,0,0.0
0,940,940.0,0,0.0
0,941,941.0,0,0.0
0,942,942.0,0,0.0
0,943,943.0,0,0.0
0,944,944.0,0,0.0
0,945,945.0,0,0.0
0,946,946.0,0,0.0
0,947,947.0,0,0.0
0,948,948.0,0,0.0
0,949,949.0,0,0.0
0,950,950.0,0,0.0
0,951,951.0,0,0.0
0,952,952.0,0,0.0
0,953,953.0,0,0.0
0,954,954.0,0,0.0
0,955,955.0,0,0.0
0,956,956.0,0,0.0
0,957,957.0,0,0.0
0,958,958.0,0,0.0
0,959,959.0,0,0.0
0,960,960.0,0,0.0
0,961,961.0,0,0.0
0,962,962.0,0,0.0
0,963,963.0,0,0.0
0,964,964.0,0,0.0
0,965,965.0,0,0.0
0,966,966.0,0,0.0
0,967,967.0,0,0.0
0,968,968.0,0,0.0
0,969,969.0,0,0.0
0,970,970.0,0,0.0
0,971,971.0,0,0.0
0,972,972.0,0,0.0
0,973,973.0,0,0.0
0,974,974.0,0,0.0
0,975,975.0,0,0.0
0,976,976.0,0,0.0
0,977,977.0,0,0.0
0,978,978.0,0,0.0
0,979,979.0,0,0.0
0,980,980.0,0,0.0
0,981,981.0,0,0.0
0,982,982.0,0,0.0
0,983,983.0,0,0.0
0,984,984.0,0,0.0
0,985,985.0,0,0.0
0,986,986.0,0,0.0
0,987,987.0,0,0.0
0,988,988.0,0,0.0
0,989,989.0,0,0.0
0,990,990.0,0,0.0
0,991,991.0,0,0.0
0,992,992.0,0,0.0
0,993,993.0,0,0.0
0,994,994.0,0,0.0
0,995,995.0,0,0.0
0,996,996.0,0,0.0
0,997,997.0,0,0.0
0,998,998.0,0,0.0
0,999,999.0,0,0.0
0,1000,1000.0,0,0.0
0,1001,1001.0,0,0.0
0,1002,1002.0,0,0.0
0,1003,1003.0,0,0.0
0,1004,1004.0,0,0.0
0,1005,1005.0,0,0.0
0,1006,1006.0,0,0.0
0,1007,1007.0,0,0.0
0,1008,1008.0,0,0.0
0,1009,1009.0,0,0.0
0,1010,1010.0,0,0.0
0,1011,1011.0,0,0.0
0,1012,1012.0,0,0.0
0,1013,1013.0,0,0.0
0,1014,1014.0,0,0.0
0,1015,1015.0,0,0.0
0,1016,1016.0,0,0.0
0,1017,1017.0,0,0.0
0,1018,1018.0,0,0.0
0,1019,1019.0,0,0.0
0,1020,1020.0,0,0.0
0,1021,1021.0,0,0.0
0,1022,1022.0,0,0.0
0,1023,1023.0,0,0.0
0,1024,1024.0,0,0.0
0,1025,1025.0,0,0.0
0,1026,1026.0,0,0.0
0,1027,1027.0,0,0.0
0,1028,1028.0,0,0.0
0,1029,1029.0,0,0.0
0,1030,1030.0,0,0.0
0,1031,1031.0,0,0.0
0,1032,1032.0,0,0.0
0,1033,1033.0,0,0.0
0,1034,1034.0,0,0.0
0,1035,1035.0,0,0.0
0,1036,1036.0,0,0.0
0,1037,1037.0,0,0.0
0,1038,1038.0,0,0.0
0,1039,1039.0,0,0.0
0,1040,1040.0,0,0.0
0,1041,1041.0,0,0.0
0,1042,1042.0,0,0.0
0,1043,1043.0,0,0.0
0,1044,1044.0,0,0.0
0,1045,1045.0,0,0.0
0,1046,1046.0,0,0.0
0,1047,1047.0,0,0.0
0,1048,1048.0,0,0.0
0,1049,1049.0,0,0.0
0,1050,1050.0,0,0.0
0,1051,1051.0,0,0.0
0,1052,1052.0,0,0.0
0,1053,1053.0,0,0.0
0,1054,1054.0,0,0.0
0,1055,1055.0,0,0.0
0,1056,1056.0,0,0.0
0,1057,1057.0,0,0.0
0,1058,1058.0,0,0.0
0,1059,1059.0,0,0.0
0,1060,1060.0,0,0.0
0,1061,1061.0,0,0.0
0,1062,1062.0,0,0.0
0,1063,1063.0,0,0.0
0,1064,1064.0,0,0.0
0,1065,1065.0,0,0.0
0,1066,1066.0,0,0.0
0,1067,1067.0,0,0.0
0,1068,1068.0,0,0.0
0,1069,1069.0,0,0.0
0,1070,1070.0,0,0.0
0,1071,1071.0,0,0.0
0,1072,1072.0,0,0.0
0,1073,1073.0,0,0.0
0,1074,1074.0,0,0.0
0,1075,1075.0,0,0.0
0,1076,1076.0,0,0.0
0,1077,1077.0,0,0.0
0,1078,1078.0,0,0.0
0,1079,1079.0,0,0.0
0,1080,1080.0,0,0.0
0,1081,1081.0,0,0.0
0,1082,1082.0,0,0.0
0,1083,1083.0,0,0.0
0,1084,1084.0,0,0.0
0,1085,1085.0,0,0.0
0,1086,1086.0,0,0.0
0,1087,1087.0,0,0.0
0,1088,1088.0,0,0.0
0,1089,1089.0,0,0.0
0,1090,1090.0,0,0.0
0,1091,1091.0,0,0.0
0,1092,1092.0,0,0.0
0,1093,1093.0,0,0.0
0,1094,1094.0,0,0.0
0,1095,1095.0,0,0.0
0,1096,1096.0,0,0.0
0,1097,1097.0,0,0.0
0,1098,1098.0,0,0.0
0,1099,1099.0,0,0.0
0,1100,1100.0,0,0.0
0,1101,1101.0,0,0.0
0,1102,1102.0,0,0.0
0,1103,1103.0,0,0.0
0,1104,1104.0,0,0.0
0,1105,1105.0,0,0.0
0,1106,1106.0,0,0.0
0,1107,1107.0,0,0.0
0,1108,1108.0,0,0.0
0,1109,1109.0,0,0.0
0,1110,1110.0,0,0.0
0,1111,1111.0,0,0.0
0,1112,1112.0,0,0.0
0,1113,1113.0,0,0.0
0,1114,1114.0,0,0.0
0,1115,1115.0,0,0.0
0,1116,1116.0,0,0.0
0,1117,1117.0,0,0.0
0,1118,1118.0,0,0.0
0,1119,1119.0,0,0.0
0,1120,1120.0,0,0.0
0,1121,1121.0,0,0.0
0,1122,1122.0,0,0.0
0,1123,1123.0,0,0.0
0,1124,1124.0,0,0.0
0,1125,1125.0,0,0.0
0,1126,1126.0,0,0.0
0,1127,1127.0,0,0.0
0,1128,1128.0,0,0.0
0,1129,1129.0,0,0.0
0,1130,1130.0,0,0.0
0,1131,1131.0,0,0.0
0,1132,1132.0,0,0.0
0,1133,1133.0,0,0.0
0,1134,1134.0,0,0.0
0,1135,1135.0,0,0.0
0,1136,1136.0,0,0.0
0,1137,1137.0,0,0.0
0,1138,1138.0,0,0.0
0,1139,1139.0,0,0.0
0,1140,1140.0,0,0.0
0,1141,1141.0,0,0.0
0,1142,1142.0,0,0.0
0,1143,1143.0,0,0.0
0,1144,1144.0,0,0.0
0,1145,1145.0,0,0.0
0,1146,1146.0,0,0.0
0,1147,1147.0,0,0.0
0,1148,1148.0,0,0.0
0,1149,1149.0,0,0.0
0,1150,1150.0,0,0.0
0,1151,1151.0,0,0.0
0,1152,1152.0,0,0.0
0,1153,1153.0,0,0.0
0,1154,1154.0,0,0.0
0,1155,1155.0,0,0.0
0,1156,1156.0,0,0.0
0,1157,1157.0,0,0.0
0,1158,1158.0,0,0.0
0,1159,1159.0,0,0.0
0,1160,1160.0,0,0.0
0,1161,1161.0,0,0.0
0,1162,1162.0,0,0.0
0,1163,1163.0,0,0.0
0,1164,1164.0,0,0.0
0,1165,1165.0,0,0.0
0,1166,1166.0,0,0.0
0,1167,1167.0,0,0.0
0,1168,1168.0,0,0.0
0,1169,1169.0,0,0.0
0,1170,1170.0,0,0.0
0,1171,1171.0,0,0.0
0,1172,1172.0,0,0.0
0,1173,1173.0,0,0.0
0,1174,1174.0,0,0.0
0,1175,1175.0,0,0.0
0,1176,1176.0,0,0.0
0,1177,1177.0,0,0.0
0,1178,1178.0,0,0.0
0,1179,1179.0,0,0.0
0,1180,1180.0,0,0.0
0,1181,1181.0,0,0.0
0,1182,1182.0,0,0.0
0,1183,1183.0,0,0.0
0,1184,1184.0,0,0.0
0,1185,1185.0,0,0.0
0,1186,1186.0,0,0.0
0,1187,1187.0,0,0.0
0,1188,1188.0,0,0.0
0,1189,1189.0,0,0.0
0,1190,1190.0,0,0.0
0,1191,1191.0,0,0.0
0,1192,1192.0,0,0.0
0,1193,1193.0,0,0.0
0,1194,1194.0,0,0.0
0,1195,1195.0,0,0.0
0,1196,1196.0,0,0.0
0,1197,1197.0,0,0.0
0,1198,1198.0,0,0.0
0,1199,1199.0,0,0.0
0,1200,1200.0,0,0.0
0,1201,1201.0,0,0.0
0,1202,1202.0,0,0.0
0,1203,1203.0,0,0.0
0,1204,1204.0,0,0.0
0,1205,1205.0,0,0.0
0,1206,1206.0,0,0.0
0,1207,1207.0,0,0.0
0,1208,1208.0,0,0.0
0,1209,1209.0,0,0.0
0,1210,1210.0,0,0.0
0,1211,1211.0,0,0.0
0,1212,1212.0,0,0.0
0,1213,1213.0,0,0.0
0,1214,1214.0,0,0.0
0,1215,1215.0,0,0.0
0,1216,1216.0,0,0.0
0,1217,1217.0,0,0.0
0,1218,1218.0,0,0.0
0,1219,1219.0,0,0.0
0,1220,1220.0,0,0.0
0,1221,1221.0,0,0.0
0,1222,1222.0,0,0.0
0,1223,1223.0,0,0.0
0,1224,1224.0,0,0.0
0,1225,1225.0,0,0.0
0,1226,1226.0,0,0.0
0,1227,1227.0,0,0.0
0,1228,1228.0,0,0.0
0,1229,1229.0,0,0.0
0,1230,1230.0,0,0.0
0,1231,1231.0,0,0.0
0,1232,1232.0,0,0.0
0,1233,1233.0,0,0.0
0,1234,1234.0,0,0.0
0,1235,1235.0,0,0.0
0,1236,1236.0,0,0.0
0,1237,1237.0,0,0.0
0,1238,1238.0,0,0.0
0,1239,1239.0,0,0.0
0,1240,1240.0,0,0.0
0,1241,1241.0,0,0.0
0,1242,1242.0,0,0.0
0,1243,1243.0,0,0.0
0,1244,1244.0,0,0.0
0,1245,1245.0,0,0.0
0,1246,1246.0,0,0.0
0,1247,1247.0,0,0.0
0,1248,1248.0,0,0.0
0,1249,1249.0,0,0.0
0,1250,1250.0,0,0.0
0,1251,1251.0,0,0.0
0,1252,1252.0,0,0.0
0,1253,1253.0,0,0.0
0,1254,1254.0,0,0.0
0,1255,1255.0,0,0.0
0,1256,1256.0,0,0.0
0,1257,1257.0,0,0.0
0,1258,1258.0,0,0.0
0,1259,1259.0,0,0.0
0,1260,1260.0,0,0.0
0,1261,1261.0,0,0.0
0,1262,1262.0,0,0.0
0,1263,1263.0,0,0.0
0,1264,1264.0,0,0.0
0,1265,1265.0,0,0.0
0,1266,1266.0,0,0.0
0,1267,1267.0,0,0.0
0,1268,1268.0,0,0.0
0,1269,1269.0,0,0.0
0,1270,1270.0,0,0.0
0,1271,1271.0,0,0.0
0,1272,1272.0,0,0.0
0,1273,1273.0,0,0.0
0,1274,1274.0,0,0.0
0,1275,1275.0,0,0.0
0,1276,1276.0,0,0.0
0,1277,1277.0,0,0.0
0,1278,1278.0,0,0.0
0,1279,1279.0,0,0.0
0,1280,1280.0,0,0.0
0,1281,1281.0,0,0.0
0,1282,1282.0,0,0.0
0,1283,1283.0,0,0.0
0,1284,1284.0,0,0.0
0,1285,1285.0,0,0.0
0,1286,1286.0,0,0.0
0,1287,1287.0,0,0.0
0,1288,1288.0,0,0.0
0,1289,1289.0,0,0.0
0,1290,1290.0,0,0.0
0,1291,1291.0,0,0.0
0,1292,1292.0,0,0.0
0,1293,1293.0,0,0.0
0,1294,1294.0,0,0.0
0,1295,1295.0,0,0.0
0,1296,1296.0,0,0.0
0,1297,1297.0,0,0.0
0,1298,1298.0,0,0.0
0,1299,1299.0,0,0.0
0,1300,1300.0,0,0.0
0,1301,1301.0,0,0.0
0,1302,1302.0,0,0.0
0,1303,1303.0,0,0.0
0,1304,1304.0,0,0.0
0,1305,1305.0,0,0.0
0,1306,1306.0,0,0.0
0,1307,1307.0,0,0.0
0,1308,1308.0,0,0.0
0,1309,1309.0,0,0.0
0,1310,1310.0,0,0.0
0,1311,1311.0,0,0.0
0,1312,1312.0,0,0.0
0,1313,1313.0,0,0.0
0,1314,1314.0,0,0.0
0,1315,1315.0,0,0.0
0,1316,1316.0,0,0.0
0,1317,1317.0,0,0.0
0,1318,1318.0,0,0.0
0,1319,1319.0,0,0.0
0,1320,1320.0,0,0.0
0,1321,1321.0,0,0.0
0,1322,1322.0,0,0.0
0,1323,1323.0,0,0.0
0,1324,1324.0,0,0.0
0,1325,1325.0,0,0.0
0,1326,1326.0,0,0.0
0,1327,1327.0,0,0.0
0,1328,1328.0,0,0.0
0,1329,1329.0,0,0.0
0,1330,1330.0,0,0.0
0,1331,1331.0,0,0.0
0,1332,1332.0,0,0.0
0,1333,1333.0,0,0.0
0,1334,1334.0,0,0.0
0,1335,1335.0,0,0.0
0,1336,1336.0,0,0.0
0,1337,1337.0,0,0.0
0,1338,1338.0,0,0.0
0,1339,1339.0,0,0.0
0,1340,1340.0,0,0.0
0,1341,1341.0,0,0.0
0,1342,1342.0,0,0.0
0,1343,1343.0,0,0.0
0,1344,1344.0,0,0.0
0,1345,1345.0,0,0.0
0,1346,1346.0,0,0.0
0,1347,1347.0,0,0.0
0,1348,1348.0,0,0.0
0,1349,1349.0,0,0.0
0,1350,1350.0,0,0.0
0,1351,1351.0,0,0.0
0,1352,1352.0,0,0.0
0,1353,1353.0,0,0.0
0,1354,1354.0,0,0.0
0,1355,1355.0,0,0.0
0,1356,1356.0,0,0.0
0,1357,1357.0,0,0.0
0,1358,1358.0,0,0.0
0,1359,1359.0,0,0.0
0,1360,1360.0,0,0.0
0,1361,1361.0,0,0.0
0,1362,1362.0,0,0.0
0,1363,1363.0,0,0.0
0,1364,1364.0,0,0.0
0,1365,1365.0,0,0.0
0,1366,1366.0,0,0.0
0,1367,1367.0,0,0.0
0,1368,1368.0,0,0.0
0,1369,1369.0,0,0.0
0,1370,1370.0,0,0.0
0,1371,1371.0,0,0.0
0,1372,1372.0,0,0.0
0,1373,1373.0,0,0.0
0,1374,1374.0,0,0.0
0,1375,1375.0,0,0.0
0,1376,1376.0,0,0.0
0,1377,1377.0,0,0.0
0,1378,1378.0,0,0.0
0,1379,1379.0,0,0.0
0,1380,1380.0,0,0.0
0,1381,1381.0,0,0.0
0,1382,1382.0,0,0.0
0,1383,1383.0,0,0.0
0,1384,1384.0,0,0.0
0,1385,1385.0,0,0.0
0,1386,1386.0,0,0.0
0,1387,1387.0,0,0.0
0,1388,1388.0,0,0.0
0,1389,1389.0,0,0.0
0,1390,1390.0,0,0.0
0,1391,1391.0,0,0.0
0,1392,1392.0,0,0.0
0,1393,1393.0,0,0.0
0,1394,1394.0,0,0.0
0,1395,1395.0,0,0.0
0,1396,1396.0,0,0.0
0,1397,1397.0,0,0.0
0,1398,1398.0,0,0.0
0,1399,1399.0,0,0.0
0,1400,1400.0,0,0.0
0,1401,1401.0,0,0.0
0,1402,1402.0,0,0.0
0,1403,1403.0,0,0.0
0,1404,1404.0,0,0.0
0,1405,1405.0,0,0.0
0,1406,1406.0,0,0.0
0,1407,1407.0,0,0.0
0,1408,1408.0,0,0.0
0,1409,1409.0,0,0.0
0,1410,1410.0,0,0.0
0,1411,1411.0,0,0.0
0,1412,1412.0,0,0.0
0,1413,1413.0,0,0.0
0,1414,1414.0,0,0.0
0,1415,1415.0,0,0.0
0,1416,1416.0,0,0.0
0,1417,1417.0,0,0.0
0,1418,1418.0,0,0.0
0,1419,1419.0,0,0.0
0,1420,1420.0,0,0.0
0,1421,1421.0,0,0.0
0,1422,1422.0,0,0.0
0,1423,1423.0,0,0.0
0,1424,1424.0,0,0.0
0,1425,1425.0,0,0.0
0,1426,1426.0,0,0.0
0,1427,1427.0,0,0.0
0,1428,1428.0,0,0.0
0,1429,1429.0,0,0.0
0,1430,1430.0,0,0.0
0,1431,1431.0,0,0.0
0,1432,1432.0,0,0.0
0,1433,1433.0,0,0.0
0,1434,1434.0,0,0.0
0,1435,1435.0,0,0.0
0,1436,1436.0,0,0.0
0,1437,1437.0,0,0.0
0,1438,1438.0,0,0.0
0,1439,1439.0,0,0.0
0,1440,1440.0,0,0.0
0,1441,1441.0,0,0.0
0,1442,1442.0,0,0.0
0,1443,1443.0,0,0.0
0,1444,1444.0,0,0.0
0,1445,1445.0,0,0.0
0,1446,1446.0,0,0.0
0,1447,1447.0,0,0.0
0,1448,1448.0,0,0.0
0,1449,1449.0,0,0.0
0,1450,1450.0,0,0.0
0,1451,1451.0,0,0.0
0,1452,1452.0,0,0.0
0,1453,1453.0,0,0.0
0,1454,1454.0,0,0.0
0,1455,1455.0,0,0.0
0,1456,1456.0,0,0.0
0,1457,1457.0,0,0.0
0,1458,1458.0,0,0.0
0,1459,1459.0,0,0.0
0,1460,1460.0,0,0.0
0,1461,1461.0,0,0.0
0,1462,1462.0,0,0.0
0,1463,1463.0,0,0.0
0,1464,1464.0,0,0.0
0,1465,1465.0,0,0.0
0,1466,1466.0,0,0.0
0,1467,1467.0,0,0.0
0,1468,1468.0,0,0.0
0,1469,1469.0,0,0.0
0,1470,1470.0,0,0.0
0,1471,1471.0,0,0.0
0,1472,1472.0,0,0.0
0,1473,1473.0,0,0.0
0,1474,1474.0,0,0.0
0,1475,1475.0,0,0.0
0,1476,1476.0,0,0.0
0,1477,1477.0,0,0.0
0,1478,1478.0,0,0.0
0,1479,1479.0,0,0.0
0,1480,1480.0,0,0.0
0,1481,1481.0,0,0.0
0,1482,1482.0,0,0.0
0,1483,1483.0,0,0.0
0,1484,1484.0,0,0.0
0,1485,1485.0,0,0.0
0,1486,1486.0,0,0.0
0,1487,1487.0,0,0.0
0,1488,1488.0,0,0.0
0,1489,1489.0,0,0.0
0,1490,1490.0,0,0.0
0,1491,1491.0,0,0.0
0,1492,1492.0,0,0.0
0,1493,1493.0,0,0.0
0,1494,1494.0,0,0.0
0,1495,1495.0,0,0.0
0,1496,1496.0,0,0.0
0,1497,1497.0,0,0.0
0,1498,1498.0,0,0.0
0,1499,1499.0,0,0.0
0,1500,1500.0,0,0.0
0,1501,1501.0,0,0.0
0,1502,1502.0,0,0.0
0,1503,1503.0,0,0.0
0,1504,1504.0,0,0.0
0,1505,1505.0,0,0.0
0,1506,1506.0,0,0.0
0,1507,1507.0,0,0.0
0,1508,1508.0,0,0.0
0,1509,1509.0,0,0.0
0,1510,1510.0,0,0.0
0,1511,1511.0,0,0.0
0,1512,1512.0,0,0.0
0,1513,1513.0,0,0.0
0,1514,1514.0,0,0.0
0,1515,1515.0,0,0.0
0,1516,1516.0,0,0.0
0,1517,1517.0,0,0.0
0,1518,1518.0,0,0.0
0,1519,1519.0,0,0.0
0,1520,1520.0,0,0.0
0,1521,1521.0,0,0.0
0,1522,1522.0,0,0.0
0,1523,1523.0,0,0.0
0,1524,1524.0,0,0.0
0,1525,1525.0,0,0.0
0,1526,1526.0,0,0.0
0,1527,1527.0,0,0.0
0,1528,1528.0,0,0.0
0,1529,1529.0,0,0.0
0,1530,1530.0,0,0.0
0,1531,1531.0,0,0.0
0,1532,1532.0,0,0.0
0,1533,1533.0,0,0.0
0,1534,1534.0,0,0.0
0,1535,1535.0,0,0.0
0,1536,1536.0,0,0.0
1,1537,1537.0,0,0.0
1,1538,1538.0,0,0.0
1,1539,1539.0,0,0.0
1,1540,1540.0,0,0.0
1,1541,1541.0,0,0.0
1,1542,1542.0,0,0.0
1,1543,1543.0,0,0.0
1,1544,1544.0,0,0.0
1,1545,1545.0,0,0.0
1,1546,1546.0,0,0.0
1,1547,1547.0,0,0.0
1,1548,1548.0,0,0.0
1,1549,1549.0,0,0.0
1,1550,1550.0,0,0.0
1,1551,1551.0,0,0.0
1,1552,1552.0,0,0.0
1,1553,1553.0,0,0.0
1,1554,1554.0,0,0.0
1,1555,1555.0,0,0.0
1,1556,1556.0,0,0.0
1,1557,1557.0,0,0.0
1,1558,1558.0,0,0.0
1,1559,1559.0,0,0.0
1,1560,1560.0,0,0.0
1,1561,1561.0,0,0.0
1,1562,1562.0,0,0.0
1,1563,1563.0,0,0.0
1,1564,1564.0,0,0.0
1,1565,1565.0,0,0.0
1,1566,1566.0,0,0.0
1,1567,1567.0,0,0.0
1,1568,1568.0,0,0.0
1,1569,1569.0,0,0.0
1,1570,1570.0,0,0.0
1,1571,1571.0,0,0.0
1,1572,1572.0,0,0.0
1,1573,1573.0,0,0.0
1,1574,1574.0,0,0.0
1,1575,1575.0,0,0.0
1,1576,1576.0,0,0.0
1,1577,1577.0,0,0.0
1,1578,1578.0,0,0.0
1,1579,1579.0,0,0.0
1,1580,1580.0,0,0.0
1,1581,1581.0,0,0.0
1,1582,1582.0,0,0.0
1,1583,1583.0,0,0.0
1,1584,1584.0,0,0.0
1,1585,1585.0,0,0.0
1,1586,1586.0,0,0.0
1,1587,1587.0,0,0.0
1,1588,1588.0,0,0.0
1,1589,1589.0,0,0.0
1,1590,1590.0,0,0.0
1,1591,1591.0,0,0.0
1,1592,1592.0,0,0.0
1,1593,1593.0,0,0.0
1,1594,1594.0,0,0.0
1,1595,1595.0,0,0.0
1,1596,1596.0,0,0.0
1,1597,1597.0,0,0.0
1,1598,1598.0,0,0.0
1,1599,1599.0,0,0.0
1,1600,1600.0,0,0.0
1,1601,1601.0,0,0.0
1,1602,1602.0,0,0.0
1,1603,1603.0,0,0.0
1,1604,1604.0,0,0.0
1,1605,1605.0,0,0.0
1,1606,1606.0,0,0.0
1,1607,1607.0,0,0.0
1,1608,1608.0,0,0.0
1,1609,1609.0,0,0.0
1,1610,1610.0,0,0.0
1,1611,1611.0,0,0.0
1,1612,1612.0,0,0.0
1,1613,1613.0,0,0.0
1,1614,1614.0,0,0.0
1,1615,1615.0,0,0.0
1,1616,1616.0,0,0.0
1,1617,1617.0,0,0.0
1,1618,1618.0,0,0.0
1,1619,1619.0,0,0.0
1,1620,1620.0,0,0.0
1,1621,1621.0,0,0.0
1,1622,1622.0,0,0.0
1,1623,1623.0,0,0.0
1,1624,1624.0,0,0.0
1,1625,1625.0,0,0.0
1,1626,1626.0,0,0.0
1,1627,1627.0,0,0.0
1,1628,1628.0,0,0.0
1,1629,1629.0,0,0.0
1,1630,1630.0,0,0.0
1,1631,1631.0,0,0.0
1,1632,1632.0,0,0.0
1,1633,1633.0,0,0.0
1,1634,1634.0,0,0.0
1,1635,1635.0,0,0.0
1,1636,1636.0,0,0.0
1,1637,1637.0,0,0.0
1,1638,1638.0,0,0.0
1,1639,1639.0,0,0.0
1,1640,1640.0,0,0.0
1,1641,1641.0,0,0.0
1,1642,1642.0,0,0.0
1,1643,1643.0,0,0.0
1,1644,1644.0,0,0.0
1,1645,1645.0,0,0.0
1,1646,1646.0,0,0.0
1,1647,1647.0,0,0.0
1,1648,1648.0,0,0.0
1,1649,1649.0,0,0.0
1,1650,1650.0,0,0.0
1,1651,1651.0,0,0.0
1,1652,1652.0,0,0.0
1,1653,1653.0,0,0.0
1,1654,1654.0,0,0.0
1,1655,1655.0,0,0.0
1,1656,1656.0,0,0.0
1,1657,1657.0,0,0.0
1,1658,1658.0,0,0.0
1,1659,1659.0,0,0.0
1,1660,1660.0,0,0.0
1,1661,1661.0,0,0.0
1,1662,1662.0,0,0.0
1,1663,1663.0,0,0.0
1,1664,1664.0,0,0.0
1,1665,1665.0,0,0.0
1,1666,1666.0,0,0.0
1,1667,1667.0,0,0.0
1,1668,1668.0,0,0.0
1,1669,1669.0,0,0.0
1,1670,1670.0,0,0.0
1,1671,1671.0,0,0.0
1,1672,1672.0,0,0.0
1,1673,1673.0,0,0.0
1,1674,1674.0,0,0.0
1,1675,1675.0,0,0.0
1,1676,1676.0,0,0.0
1,1677,1677.0,0,0.0
1,1678,1678.0,0,0.0
1,1679,1679.0,0,0.0
1,1680,1680.0,0,0.0
1,1681,1681.0,0,0.0
1,1682,1682.0,0,0.0
1,1683,1683.0,0,0.0
1,1684,1684.0,0,0.0
1,1685,1685.0,0,0.0
1,1686,1686.0,0,0.0
1,1687,1687.0,0,0.0
1,1688,1688.0,0,0.0
1,1689,1689.0,0,0.0
1,1690,1690.0,0,0.0
1,1691,1691.0,0,0.0
1,1692,1692.0,0,0.0
1,1693,1693.0,0,0.0
1,1694,1694.0,0,0.0
1,1695,1695.0,0,0.0
1,1696,1696.0,0,0.0
1,1697,1697.0,0,0.0
1,1698,1698.0,0,0.0
1,1699,1699.0,0,0.0
1,1700,1700.0,0,0.0
1,1701,1701.0,0,0.0
1,1702,1702.0,0,0.0
1,1703,1703.0,0,0.0
1,1704,1704.0,0,0.0
1,1705,1705.0,0,0.0
1,1706,1706.0,0,0.0
1,1707,1707.0,0,0.0
1,1708,1708.0,0,0.0
1,1709,1709.0,0,0.0
1,1710,1710.0,0,0.0
1,1711,1711.0,0,0.0
1,1712,1712.0,0,0.0
1,1713,1713.0,0,0.0
1,1714,1714.0,0,0.0
1,1715,1715.0,0,0.0
1,1716,1716.0,0,0.0
1,1717,1717.0,0,0.0
1,1718,1718.0,0,0.0
1,1719,1719.0,0,0.0
1,1720,1720.0,0,0.0
1,1721,1721.0,0,0.0
1,1722,1722.0,0,0.0
1,1723,1723.0,0,0.0
1,1724,1724.0,0,0.0
1,1725,1725.0,0,0.0
1,1726,1726.0,0,0.0
1,1727,1727.0,0,0.0
1,1728,1728.0,0,0.0
1,1729,1729.0,0,0.0
1,1730,1730.0,0,0.0
1,1731,1731.0,0,0.0
1,1732,1732.0,0,0.0
1,1733,1733.0,0,0.0
1,1734,1734.0,0,0.0
1,1735,1735.0,0,0.0
1,1736,1736.0,0,0.0
1,1737,1737.0,0,0.0
1,1738,1738.0,0,0.0
1,1739,1739.0,0,0.0
1,1740,1740.0,0,0.0
1,1741,1741.0,0,0.0
1,1742,1742.0,0,0.0
1,1743,1743.0,0,0.0
1,1744,1744.0,0,0.0
1,1745,1745.0,0,0.0
1,1746,1746.0,0,0.0
1,1747,1747.0,0,0.0
1,1748,1748.0,0,0.0
1,1749,1749.0,0,0.0
1,1750,1750.0,0,0.0
1,1751,1751.0,0,0.0
1,1752,1752.0,0,0.0
1,1753,1753.0,0,0.0
1,1754,1754.0,0,0.0
1,1755,1755.0,0,0.0
1,1756,1756.0,0,0.0
1,1757,1757.0,0,0.0
1,1758,1758.0,0,0.0
1,1759,1759.0,0,0.0
1,1760,1760.0,0,0.0
1,1761,1761.0,0,0.0
1,1762,1762.0,0,0.0
1,1763,1763.0,0,0.0
1,1764,1764.0,0,0.0
1,1765,1765.0,0,0.0
1,1766,1766.0,0,0.0
1,1767,1767.0,0,0.0
1,1768,1768.0,0,0.0
1,1769,1769.0,0,0.0
1,1770,1770.0,0,0.0
1,1771,1771.0,0,0.0
1,1772,1772.0,0,0.0
1,1773,1773.0,0,0.0
1,1774,1774.0,0,0.0
1,1775,1775.0,0,0.0
1,1776,1776.0,0,0.0
1,1777,1777.0,0,0.0
1,1778,1778.0,0,0.0
1,1779,1779.0,0,0.0
1,1780,1780.0,0,0.0
1,1781,1781.0,0,0.0
1,1782,1782.0,0,0.0
1,1783,1783.0,0,0.0
1,1784,1784.0,0,0.0
1,1785,1785.0,0,0.0
1,1786,1786.0,0,0.0
1,1787,1787.0,0,0.0
1,1788,1788.0,0,0.0
1,1789,1789.0,0,0.0
1,1790,1790.0,0,0.0
1,1791,1791.0,0,0.0
1,1792,1792.0,0,0.0
1,1793,1793.0,0,0.0
1,1794,1794.0,0,0.0
1,1795,1795.0,0,0.0
1,1796,1796.0,0,0.0
1,1797,1797.0,0,0.0
1,1798,1798.0,0,0.0
1,1799,1799.0,0,0.0
1,1800,1800.0,0,0.0
1,1801,1801.0,0,0.0
1,1802,1802.0,0,0.0
1,1803,1803.0,0,0.0
1,1804,1804.0,0,0.0
1,1805,1805.0,0,0.0
1,1806,1806.0,0,0.0
1,1807,1807.0,0,0.0
1,1808,1808.0,0,0.0
1,1809,1809.0,0,0.0
1,1810,1810.0,0,0.0
1,1811,1811.0,0,0.0
1,1812,1812.0,0,0.0
1,1813,1813.0,0,0.0
1,1814,1814.0,0,0.0
1,1815,1815.0,0,0.0
1,1816,1816.0,0,0.0
1,1817,1817.0,0,0.0
1,1818,1818.0,0,0.0
1,1819,1819.0,0,0.0
1,1820,1820.0,0,0.0
1,1821,1821.0,0,0.0
1,1822,1822.0,0,0.0
1,1823,1823.0,0,0.0
1,1824,1824.0,0,0.0
1,1825,1825.0,0,0.0
1,1826,1826.0,0,0.0
1,1827,1827.0,0,0.0
1,1828,1828.0,0,0.0
1,1829,1829.0,0,0.0
1,1830,1830.0,0,0.0
1,1831,1831.0,0,0.0
1,1832,1832.0,0,0.0
1,1833,1833.0,0,0.0
1,1834,1834.0,0,0.0
1,1835,1835.0,0,0.0
1,1836,1836.0,0,0.0
1,1837,1837.0,0,0.0
1,1838,1838.0,0,0.0
1,1839,1839.0,0,0.0
1,1840,1840.0,0,0.0
1,1841,1841.0,0,0.0
1,1842,1842.0,0,0.0
1,1843,1843.0,0,0.0
1,1844,1844.0,0,0.0
1,1845,1845.0,0,0.0
1,1846,1846.0,0,0.0
1,1847,1847.0,0,0.0
1,1848,1848.0,0,0.0
1,1849,1849.0,0,0.0
1,1850,1850.0,0,0.0
1,1851,1851.0,0,0.0
1,1852,1852.0,0,0.0
1,1853,1853.0,0,0.0
1,1854,1854.0,0,0.0
1,1855,1855.0,0,0.0
1,1856,1856.0,0,0.0
1,1857,1857.0,0,0.0
1,1858,1858.0,0,0.0
1,1859,1859.0,0,0.0
1,1860,1860.0,0,0.0
1,1861,1861.0,0,0.0
1,1862,1862.0,0,0.0
1,1863,1863.0,0,0.0
1,1864,1864.0,0,0.0
1,1865,1865.0,0,0.0
1,1866,1866.0,0,0.0
1,1867,1867.0,0,0.0
1,1868,1868.0,0,0.0
1,1869,1869.0,0,0.0
1,1870,1870.0,0,0.0
1,1871,1871.0,0,0.0
1,1872,1872.0,0,0.0
1,1873,1873.0,0,0.0
1,1874,1874.0,0,0.0
1,1875,1875.0,0,0.0
1,1876,1876.0,0,0.0
1,1877,1877.0,0,0.0
1,1878,1878.0,0,0.0
1,1879,1879.0,0,0.0
1,1880,1880.0,0,0.0
1,1881,1881.0,0,0.0
1,1882,1882.0,0,0.0
1,1883,1883.0,0,0.0
1,1884,1884.0,0,0.0
1,1885,1885.0,0,0.0
1,1886,1886.0,0,0.0
1,1887,1887.0,0,0.0
1,1888,1888.0,0,0.0
1,1889,1889.0,0,0.0
1,1890,1890.0,0,0.0
1,1891,1891.0,0,0.0
1,1892,1892.0,0,0.0
1,1893,1893.0,0,0.0
1,1894,1894.0,0,0.0
1,1895,1895.0,0,0.0
1,1896,1896.0,0,0.0
1,1897,1897.0,0,0.0
1,1898,1898.0,0,0.0
1,1899,1899.0,0,0.0
1,1900,1900.0,0,0.0
1,1901,1901.0,0,0.0
1,1902,1902.0,0,0.0
1,1903,1903.0,0,0.0
1,1904,1904.0,0,0.0
1,1905,1905.0,0,0.0
1,1906,1906.0,0,0.0
1,1907,1907.0,0,0.0
1,1908,1908.0,0,0.0
1,1909,1909.0,0,0.0
1,1910,1910.0,0,0.0
1,1911,1911.0,0,0.0
1,1912,1912.0,0,0.0
1,1913,1913.0,0,0.0
1,1914,1914.0,0,0.0
1,1915,1915.0,0,0.0
1,1916,1916.0,0,0.0
1,1917,1917.0,0,0.0
1,1918,1918.0,0,0.0
1,1919,1919.0,0,0.0
1,1920,1920.0,0,0.0
1,1921,1921.0,0,0.0
1,1922,1922.0,0,0.0
1,1923,1923.0,0,0.0
1,1924,1924.0,0,0.0
1,1925,1925.0,0,0.0
1,1926,1926.0,0,0.0
1,1927,1927.0,0,0.0
1,1928,1928.0,0,0.0
1,1929,1929.0,0,0.0
1,1930,1930.0,0,0.0
1,1931,1931.0,0,0.0
1,1932,1932.0,0,0.0
1,1933,1933.0,0,0.0
1,1934,1934.0,0,0.0
1,1935,1935.0,0,0.0
1,1936,1936.0,0,0.0
1,1937,1937.0,0,0.0
1,1938,1938.0,0,0.0
1,1939,1939.0,0,0.0
1,1940,1940.0,0,0.0
1,1941,1941.0,0,0.0
1,1942,1942.0,0,0.0
1,1943,1943.0,0,0.0
1,1944,1944.0,0,0.0
1,1945,1945.0,0,0.0
1,1946,1946.0,0,0.0
1,1947,1947.0,0,0.0
1,1948,1948.0,0,0.0
1,1949,1949.0,0,0.0
1,1950,1950.0,0,0.0
1,1951,1951.0,0,0.0
1,1952,1952.0,0,0.0
1,1953,1953.0,0,0.0
1,1954,1954.0,0,0.0
1,1955,1955.0,0,0.0
1,1956,1956.0,0,0.0
1,1957,1957.0,0,0.0
1,1958,1958.0,0,0.0
1,1959,1959.0,0,0.0
1,1960,1960.0,0,0.0
1,1961,1961.0,0,0.0
1,1962,1962.0,0,0.0
1,1963,1963.0,0,0.0
1,1964,1964.0,0,0.0
1,1965,1965.0,0,0.0
1,1966,1966.0,0,0.0
1,1967,1967.0,0,0.0
1,1968,1968.0,0,0.0
1,1969,1969.0,0,0.0
1,1970,1970.0,0,0.0
1,1971,1971.0,0,0.0
1,1972,1972.0,0,0.0
1,1973,1973.0,0,0.0
1,1974,1974.0,0,0.0
1,1975,1975.0,0,0.0
1,1976,1976.0,0,0.0
1,1977,1977.0,0,0.0
1,1978,1978.0,0,0.0
1,1979,1979.0,0,0.0
1,1980,1980.0,0,0.0
1,1981,1981.0,0,0.0
1,1982,1982.0,0,0.0
1,1983,1983.0,0,0.0
1,1984,1984.0,0,0.0
1,1985,1985.0,0,0.0
1,1986,1986.0,0,0.0
1,1987,1987.0,0,0.0
1,1988,1988.0,0,0.0
1,1989,1989.0,0,0.0
1,1990,1990.0,0,0.0
1,1991,1991.0,0,0.0
1,1992,1992.0,0,0.0
1,1993,1993.0,0,0.0
1,1994,1994.0,0,0.0
1,1995,1995.0,0,0.0
1,1996,1996.0,0,0.0
1,1997,1997.0,0,0.0
1,1998,1998.0,0,0.0
1,1999,1999.0,0,0.0
1,2000,2000.0,0,0.0
1,2001,2001.0,0,0.0
1,2002,2002.0,0,0.0
1,2003,2003.0,0,0.0
1,2004,2004.0,0,0.0
1,2005,2005.0,0,0.0
1,2006,2006.0,0,0.0
1,2007,2007.0,0,0.0
1,2008,2008.0,0,0.0
1,2009,2009.0,0,0.0
1,2010,2010.0,0,0.0
1,2011,2011.0,0,0.0
1,2012,2012.0,0,0.0
1,2013,2013.0,0,0.0
1,2014,2014.0,0,0.0
1,2015,2015.0,0,0.0
1,2016,2016.0,0,0.0
1,2017,2017.0,0,0.0
1,2018,2018.0,0,0.0
1,2019,2019.0,0,0.0
1,2020,2020.0,0,0.0
1,2021,2021.0,0,0.0
1,2022,2022.0,0,0.0
1,2023,2023.0,0,0.0
1,2024,2024.0,0,0.0
1,2025,2025.0,0,0.0
1,2026,2026.0,0,0.0
1,2027,2027.0,0,0.0
1,2028,2028.0,0,0.0
1,2029,2029.0,0,0.0
1,2030,2030.0,0,0.0
1,2031,2031.0,0,0.0
1,2032,2032.0,0,0.0
1,2033,2033.0,0,0.0
1,2034,2034.0,0,0.0
1,2035,2035.0,0,0.0
1,2036,2036.0,0,0.0
1,2037,2037.0,0,0.0
1,2038,2038.0,0,0.0
1,2039,2039.0,0,0.0
1,2040,2040.0,0,0.0
1,2041,2041.0,0,0.0
1,2042,2042.0,0,0.0
1,2043,2043.0,0,0.0
1,2044,2044.0,0,0.0
1,2045,2045.0,0,0.0
1,2046,2046.0,0,0.0
1,2047,2047.0,0,0.0
1,2048,2048.0,0,0.0
1,2049,2049.0,0,0.0
1,2050,2050.0,0,0.0
1,2051,2051.0,0,0.0
1,2052,2052.0,0,0.0
1,2053,2053.0,0,0.0
1,2054,2054.0,0,0.0
1,2055,2055.0,0,0.0
1,2056,2056.0,0,0.0
1,2057,2057.0,0,0.0
1,2058,2058.0,0,0.0
1,2059,2059.0,0,0.0
1,2060,2060.0,0,0.0
1,2061,2061.0,0,0.0
1,2062,2062.0,0,0.0
1,2063,2063.0,0,0.0
1,2064,2064.0,0,0.0
1,2065,2065.0,0,0.0
1,2066,2066.0,0,0.0
1,2067,2067.0,0,0.0
1,2068,2068.0,0,0.0
1,2069,2069.0,0,0.0
1,2070,2070.0,0,0.0
1,2071,2071.0,0,0.0
1,2072,2072.0,0,0.0
1,2073,2073.0,0,0.0
1,2074,2074.0,0,0.0
1,2075,2075.0,0,0.0
1,2076,2076.0,0,0.0
1,2077,2077.0,0,0.0
1,2078,2078.0,0,0.0
1,2079,2079.0,0,0.0
1,2080,2080.0,0,0.0
1,2081,2081.0,0,0.0
1,2082,2082.0,0,0.0
1,2083,2083.0,0,0.0
1,2084,2084.0,0,0.0
1,2085,2085.0,0,0.0
1,2086,2086.0,0,0.0
1,2087,2087.0,0,0.0
1,2088,2088.0,0,0.0
1,2089,2089.0,0,0.0
1,2090,2090.0,0,0.0
1,2091,2091.0,0,0.0
1,2092,2092.0,0,0.0
1,2093,2093.0,0,0.0
1,2094,2094.0,0,0.0
1,2095,2095.0,0,0.0
1,2096,2096.0,0,0.0
1,2097,2097.0,0,0.0
1,2098,2098.0,0,0.0
1,2099,2099.0,0,0.0
1,2100,2100.0,0,0.0
1,2101,2101.0,0,0.0
1,2102,2102.0,0,0.0
1,2103,2103.0,0,0.0
1,2104,2104.0,0,0.0
1,2105,2105.0,0,0.0
1,2106,2106.0,0,0.0
1,2107,2107.0,0,0.0
1,2108,2108.0,0,0.0
1,2109,2109.0,0,0.0
1,2110,2110.0,0,0.0
1,2111,2111.0,0,0.0
1,2112,2112.0,0,0.0
1,2113,2113.0,0,0.0
1,2114,2114.0,0,0.0
1,2115,2115.0,0,0.0
1,2116,2116.0,0,0.0
1,2117,2117.0,0,0.0
1,2118,2118.0,0,0.0
1,2119,2119.0,0,0.0
1,2120,2120.0,0,0.0
1,2121,2121.0,0,0.0
1,2122,2122.0,0,0.0
1,2123,2123.0,0,0.0
1,2124,2124.0,0,0.0
1,2125,2125.0,0,0.0
1,2126,2126.0,0,0.0
1,2127,2127.0,0,0.0
1,2128,2128.0,0,0.0
1,2129,2129.0,0,0.0
1,2130,2130.0,0,0.0
1,2131,2131.0,0,0.0
1,2132,2132.0,0,0.0
1,2133,2133.0,0,0.0
1,2134,2134.0,0,0.0
1,2135,2135.0,0,0.0
1,2136,2136.0,0,0.0
1,2137,2137.0,0,0.0
1,2138,2138.0,0,0.0
1,2139,2139.0,0,0.0
1,2140,2140.0,0,0.0
1,2141,2141.0,0,0.0
1,2142,2142.0,0,0.0
1,2143,2143.0,0,0.0
1,2144,2144.0,0,0.0
1,2145,2145.0,0,0.0
1,2146,2146.0,0,0.0
1,2147,2147.0,0,0.0
1,2148,2148.0,0,0.0
1,2149,2149.0,0,0.0
1,2150,2150.0,0,0.0
1,2151,2151.0,0,0.0
1,2152,2152.0,0,0.0
1,2153,2153.0,0,0.0
1,2154,2154.0,0,0.0
1,2155,2155.0,0,0.0
1,2156,2156.0,0,0.0
1,2157,2157.0,0,0.0
1,2158,2158.0,0,0.0
1,2159,2159.0,0,0.0
1,2160,2160.0,0,0.0
1,2161,2161.0,0,0.0
1,2162,2162.0,0,0.0
1,2163,2163.0,0,0.0
1,2164,2164.0,0,0.0
1,2165,2165.0,0,0.0
1,2166,2166.0,0,0.0
1,2167,2167.0,0,0.0
1,2168,2168.0,0,0.0
1,2169,2169.0,0,0.0
1,2170,2170.0,0,0.0
1,2171,2171.0,0,0.0
1,2172,2172.0,0,0.0
1,2173,2173.0,0,0.0
1,2174,2174.0,0,0.0
1,2175,2175.0,0,0.0
1,2176,2176.0,0,0.0
1,2177,2177.0,0,0.0
1,2178,2178.0,0,0.0
1,2179,2179.0,0,0.0
1,2180,2180.0,0,0.0
1,2181,2181.0,0,0.0
1,2182,2182.0,0,0.0
1,2183,2183.0,0,0.0
1,2184,2184.0,0,0.0
1,2185,2185.0,0,0.0
1,2186,2186.0,0,0.0
1,2187,2187.0,0,0.0
1,2188,2188.0,0,0.0
1,2189,2189.0,0,0.0
1,2190,2190.0,0,0.0
1,2191,2191.0,0,0.0
1,2192,2192.0,0,0.0
1,2193,2193.0,0,0.0
1,2194,2194.0,0,0.0
1,2195,2195.0,0,0.0
1,2196,2196.0,0,0.0
1,2197,2197.0,0,0.0
1,2198,2198.0,0,0.0
1,2199,2199.0,0,0.0
1,2200,2200.0,0,0.0
1,2201,2201.0,0,0.0
1,2202,2202.0,0,0.0
1,2203,2203.0,0,0.0
1,2204,2204.0,0,0.0
1,2205,2205.0,0,0.0
1,2206,2206.0,0,0.0
1,2207,2207.0,0,0.0
1,2208,2208.0,0,0.0
1,2209,2209.0,0,0.0
1,2210,2210.0,0,0.0
1,2211,2211.0,0,0.0
1,2212,2212.0,0,0.0
1,2213,2213.0,0,0.0
1,2214,2214.0,0,0.0
1,2215,2215.0,0,0.0
1,2216,2216.0,0,0.0
1,2217,2217.0,0,0.0
1,2218,2218.0,0,0.0
1,2219,2219.0,0,0.0
1,2220,2220.0,0,0.0
1,2221,2221.0,0,0.0
1,2222,2222.0,0,0.0
1,2223,2223.0,0,0.0
1,2224,2224.0,0,0.0
1,2225,2225.0,0,0.0
1,2226,2226.0,0,0.0
1,2227,2227.0,0,0.0
1,2228,2228.0,0,0.0
1,2229,2229.0,0,0.0
1,2230,2230.0,0,0.0
1,2231,2231.0,0,0.0
1,2232,2232.0,0,0.0
1,2233,2233.0,0,0.0
1,2234,2234.0,0,0.0
1,2235,2235.0,0,0.0
1,2236,2236.0,0,0.0
1,2237,2237.0,0,0.0
1,2238,2238.0,0,0.0
1,2239,2239.0,0,0.0
1,2240,2240.0,0,0.0
1,2241,2241.0,0,0.0
1,2242,2242.0,0,0.0
1,2243,2243.0,0,0.0
1,2244,2244.0,0,0.0
1,2245,2245.0,0,0.0
1,2246,2246.0,0,0.0
1,2247,2247.0,0,0.0
1,2248,2248.0,0,0.0
1,2249,2249.0,0,0.0
1,2250,2250.0,0,0.0
1,2251,2251.0,0,0.0
1,2252,2252.0,0,0.0
1,2253,2253.0,0,0.0
1,2254,2254.0,0,0.0
1,2255,2255.0,0,0.0
1,2256,2256.0,0,0.0
1,2257,2257.0,0,0.0
1,2258,2258.0,0,0.0
1,2259,2259.0,0,0.0
1,2260,2260.0,0,0.0
1,2261,2261.0,0,0.0
1,2262,2262.0,0,0.0
1,2263,2263.0,0,0.0
1,2264,2264.0,0,0.0
1,2265,2265.0,0,0.0
1,2266,2266.0,0,0.0
1,2267,2267.0,0,0.0
1,2268,2268.0,0,0.0
1,2269,2269.0,0,0.0
1,2270,2270.0,0,0.0
1,2271,2271.0,0,0.0
1,2272,2272.0,0,0.0
1,2273,2273.0,0,0.0
1,2274,2274.0,0,0.0
1,2275,2275.0,0,0.0
1,2276,2276.0,0,0.0
1,2277,2277.0,0,0.0
1,2278,2278.0,0,0.0
1,2279,2279.0,0,0.0
1,2280,2280.0,0,0.0
1,2281,2281.0,0,0.0
1,2282,2282.0,0,0.0
1,2283,2283.0,0,0.0
1,2284,2284.0,0,0.0
1,2285,2285.0,0,0.0
1,2286,2286.0,0,0.0
1,2287,2287.0,0,0.0
1,2288,2288.0,0,0.0
1,2289,2289.0,0,0.0
1,2290,2290.0,0,0.0
1,2291,2291.0,0,0.0
1,2292,2292.0,0,0.0
1,2293,2293.0,0,0.0
1,2294,2294.0,0,0.0
1,2295,2295.0,0,0.0
1,2296,2296.0,0,0.0
1,2297,2297.0,0,0.0
1,2298,2298.0,0,0.0
1,2299,2299.0,0,0.0
1,2300,2300.0,0,0.0
1,2301,2301.0,0,0.0
1,2302,2302.0,0,0.0
1,2303,2303.0,0,0.0
1,2304,2304.0,0,0.0
1,2305,2305.0,0,0.0
1,2306,2306.0,0,0.0
1,2307,2307.0,0,0.0
1,2308,2308.0,0,0.0
1,2309,2309.0,0,0.0
1,2310,2310.0,0,0.0
1,2311,2311.0,0,0.0
1,2312,2312.0,0,0.0
1,2313,2313.0,0,0.0
1,2314,2314.0,0,0.0
1,2315,2315.0,0,0.0
1,2316,2316.0,0,0.0
1,2317,2317.0,0,0.0
1,2318,2318.0,0,0.0
1,2319,2319.0,0,0.0
1,2320,2320.0,0,0.0
1,2321,2321.0,0,0.0
1,2322,2322.0,0,0.0
1,2323,2323.0,0,0.0
1,2324,2324.0,0,0.0
1,2325,2325.0,0,0.0
1,2326,2326.0,0,0.0
1,2327,2327.0,0,0.0
1,2328,2328.0,0,0.0
1,2329,2329.0,0,0.0
1,2330,2330.0,0,0.0
1,2331,2331.0,0,0.0
1,2332,2332.0,0,0.0
1,2333,2333.0,0,0.0
1,2334,2334.0,0,0.0
1,2335,2335.0,0,0.0
1,2336,2336.0,0,0.0
1,2337,2337.0,0,0.0
1,2338,2338.0,0,0.0
1,2339,2339.0,0,0.0
1,2340,2340.0,0,0.0
1,2341,2341.0,0,0.0
1,2342,2342.0,0,0.0
1,2343,2343.0,0,0.0
1,2344,2344.0,0,0.0
1,2345,2345.0,0,0.0
1,2346,2346.0,0,0.0
1,2347,2347.0,0,0.0
1,2348,2348.0,0,0.0
1,2349,2349.0,0,0.0
1,2350,2350.0,0,0.0
1,2351,2351.0,0,0.0
1,2352,2352.0,0,0.0
1,2353,2353.0,0,0.0
1,2354,2354.0,0,0.0
1,2355,2355.0,0,0.0
1,2356,2356.0,0,0.0
1,2357,2357.0,0,0.0
1,2358,2358.0,0,0.0
1,2359,2359.0,0,0.0
1,2360,2360.0,0,0.0
1,2361,2361.0,0,0.0
1,2362,2362.0,0,0.0
1,2363,2363.0,0,0.0
1,2364,2364.0,0,0.0
1,2365,2365.0,0,0.0
1,2366,2366.0,0,0.0
1,2367,2367.0,0,0.0
1,2368,2368.0,0,0.0
1,2369,2369.0,0,0.0
1,2370,2370.0,0,0.0
1,2371,2371.0,0,0.0
1,2372,2372.0,0,0.0
1,2373,2373.0,0,0.0
1,2374,2374.0,0,0.0
1,2375,2375.0,0,0.0
1,2376,2376.0,0,0.0
1,2377,2377.0,0,0.0
1,2378,2378.0,0,0.0
1,2379,2379.0,0,0.0
1,2380,2380.0,0,0.0
1,2381,2381.0,0,0.0
1,2382,2382.0,0,0.0
1,2383,2383.0,0,0.0
1,2384,2384.0,0,0.0
1,2385,2385.0,0,0.0
1,2386,2386.0,0,0.0
1,2387,2387.0,0,0.0
1,2388,2388.0,0,0.0
1,2389,2389.0,0,0.0
1,2390,2390.0,0,0.0
1,2391,2391.0,0,0.0
1,2392,2392.0,0,0.0
1,2393,2393.0,0,0.0
1,2394,2394.0,0,0.0
1,2395,2395.0,0,0.0
1,2396,2396.0,0,0.0
1,2397,2397.0,0,0.0
1,2398,2398.0,0,0.0
1,2399,2399.0,0,0.0
1,2400,2400.0,0,0.0
1,2401,2401.0,0,0.0
1,2402,2402.0,0,0.0
1,2403,2403.0,0,0.0
1,2404,2404.0,0,0.0
1,2405,2405.0,0,0.0
1,2406,2406.0,0,0.0
1,2407,2407.0,0,0.0
1,2408,2408.0,0,0.0
1,2409,2409.0,0,0.0
1,2410,2410.0,0,0.0
1,2411,2411.0,0,0.0
1,2412,2412.0,0,0.0
1,2413,2413.0,0,0.0
1,2414,2414.0,0,0.0
1,2415,2415.0,0,0.0
1,2416,2416.0,0,0.0
1,2417,2417.0,0,0.0
1,2418,2418.0,0,0.0
1,2419,2419.0,0,0.0
1,2420,2420.0,0,0.0
1,2421,2421.0,0,0.0
1,2422,2422.0,0,0.0
1,2423,2423.0,0,0.0
1,2424,2424.0,0,0.0
1,2425,2425.0,0,0.0
1,2426,2426.0,0,0.0
1,2427,2427.0,0,0.0
1,2428,2428.0,0,0.0
1,2429,2429.0,0,0.0
1,2430,2430.0,0,0.0
1,2431,2431.0,0,0.0
1,2432,2432.0,0,0.0
1,2433,2433.0,0,0.0
1,2434,2434.0,0,0.0
1,2435,2435.0,0,0.0
1,2436,2436.0,0,0.0
1,2437,2437.0,0,0.0
1,2438,2438.0,0,0.0
1,2439,2439.0,0,0.0
1,2440,2440.0,0,0.0
1,2441,2441.0,0,0.0
1,2442,2442.0,0,0.0
1,2443,2443.0,0,0.0
1,2444,2444.0,0,0.0
1,2445,2445.0,0,0.0
1,2446,2446.0,0,0.0
1,2447,2447.0,0,0.0
1,2448,2448.0,0,0.0
1,2449,2449.0,0,0.0
1,2450,2450.0,0,0.0
1,2451,2451.0,0,0.0
1,2452,2452.0,0,0.0
1,2453,2453.0,0,0.0
1,2454,2454.0,0,0.0
1,2455,2455.0,0,0.0
1,2456,2456.0,0,0.0
1,2457,2457.0,0,0.0
1,2458,2458.0,0,0.0
1,2459,2459.0,0,0.0
1,2460,2460.0,0,0.0
1,2461,2461.0,0,0.0
1,2462,2462.0,0,0.0
1,2463,2463.0,0,0.0
1,2464,2464.0,0,0.0
1,2465,2465.0,0,0.0
1,2466,2466.0,0,0.0
1,2467,2467.0,0,0.0
1,2468,2468.0,0,0.0
1,2469,2469.0,0,0.0
1,2470,2470.0,0,0.0
1,2471,2471.0,0,0.0
1,2472,2472.0,0,0.0
1,2473,2473.0,0,0.0
1,2474,2474.0,0,0.0
1,2475,2475.0,0,0.0
1,2476,2476.0,0,0.0
1,2477,2477.0,0,0.0
1,2478,2478.0,0,0.0
1,2479,2479.0,0,0.0
1,2480,2480.0,0,0.0
1,2481,2481.0,0,0.0
1,2482,2482.0,0,0.0
1,2483,2483.0,0,0.0
1,2484,2484.0,0,0.0
1,2485,2485.0,0,0.0
1,2486,2486.0,0,0.0
1,2487,2487.0,0,0.0
1,2488,2488.0,0,0.0
1,2489,2489.0,0,0.0
1,2490,2490.0,0,0.0
1,2491,2491.0,0,0.0
1,2492,2492.0,0,0.0
1,2493,2493.0,0,0.0
1,2494,2494.0,0,0.0
1,2495,2495.0,0,0.0
1,2496,2496.0,0,0.0
1,2497,2497.0,0,0.0
1,2498,2498.0,0,0.0
1,2499,2499.0,0,0.0
1,2500,2500.0,0,0.0
1,2501,2501.0,0,0.0
1,2502,2502.0,0,0.0
1,2503,2503.0,0,0.0
1,2504,2504.0,0,0.0
1,2505,2505.0,0,0.0
1,2506,2506.0,0,0.0
1,2507,2507.0,0,0.0
1,2508,2508.0,0,0.0
1,2509,2509.0,0,0.0
1,2510,2510.0,0,0.0
1,2511,2511.0,0,0.0
1,2512,2512.0,0,0.0
1,2513,2513.0,0,0.0
1,2514,2514.0,0,0.0
1,2515,2515.0,0,0.0
1,2516,2516.0,0,0.0
1,2517,2517.0,0,0.0
1,2518,2518.0,0,0.0
1,2519,2519.0,0,0.0
1,2520,2520.0,0,0.0
1,2521,2521.0,0,0.0
1,2522,2522.0,0,0.0
1,2523,2523.0,0,0.0
1,2524,2524.0,0,0.0
1,2525,2525.0,0,0.0
1,2526,2526.0,0,0.0
1,2527,2527.0,0,0.0
1,2528,2528.0,0,0.0
1,2529,2529.0,0,0.0
1,2530,2530.0,0,0.0
1,2531,2531.0,0,0.0
1,2532,2532.0,0,0.0
1,2533,2533.0,0,0.0
1,2534,2534.0,0,0.0
1,2535,2535.0,0,0.0
1,2536,2536.0,0,0.0
1,2537,2537.0,0,0.0
1,2538,2538.0,0,0.0
1,2539,2539.0,0,0.0
1,2540,2540.0,0,0.0
1,2541,2541.0,0,0.0
1,2542,2542.0,0,0.0
1,2543,2543.0,0,0.0
1,2544,2544.0,0,0.0
1,2545,2545.0,0,0.0
1,2546,2546.0,0,0.0
1,2547,2547.0,0,0.0
1,2548,2548.0,0,0.0
1,2549,2549.0,0,0.0
1,2550,2550.0,0,0.0
1,2551,2551.0,0,0.0
1,2552,2552.0,0,0.0
1,2553,2553.0,0,0.0
1,2554,2554.0,0,0.0
1,2555,2555.0,0,0.0
1,2556,2556.0,0,0.0
1,2557,2557.0,0,0.0
1,2558,2558.0,0,0.0
1,2559,2559.0,0,0.0
1,2560,2560.0,0,0.0
1,2561,2561.0,0,0.0
1,2562,2562.0,0,0.0
1,2563,2563.0,0,0.0
1,2564,2564.0,0,0.0
1,2565,2565.0,0,0.0
1,2566,2566.0,0,0.0
1,2567,2567.0,0,0.0
1,2568,2568.0,0,0.0
1,2569,2569.0,0,0.0
1,2570,2570.0,0,0.0
1,2571,2571.0,0,0.0
1,2572,2572.0,0,0.0
1,2573,2573.0,0,0.0
1,2574,2574.0,0,0.0
1,2575,2575.0,0,0.0
1,2576,2576.0,0,0.0
1,2577,2577.0,0,0.0
1,2578,2578.0,0,0.0
1,2579,2579.0,0,0.0
1,2580,2580.0,0,0.0
1,2581,2581.0,0,0.0
1,2582,2582.0,0,0.0
1,2583,2583.0,0,0.0
1,2584,2584.0,0,0.0
1,2585,2585.0,0,0.0
1,2586,2586.0,0,0.0
1,2587,2587.0,0,0.0
1,2588,2588.0,0,0.0
1,2589,2589.0,0,0.0
1,2590,2590.0,0,0.0
1,2591,2591.0,0,0.0
1,2592,2592.0,0,0.0
1,2593,2593.0,0,0.0
1,2594,2594.0,0,0.0
1,2595,2595.0,0,0.0
1,2596,2596.0,0,0.0
1,2597,2597.0,0,0.0
1,2598,2598.0,0,0.0
1,2599,2599.0,0,0.0
1,2600,2600.0,0,0.0
1,2601,2601.0,0,0.0
1,2602,2602.0,0,0.0
1,2603,2603.0,0,0.0
1,2604,2604.0,0,0.0
1,2605,2605.0,0,0.0
1,2606,2606.0,0,0.0
1,2607,2607.0,0,0.0
1,2608,2608.0,0,0.0
1,2609,2609.0,0,0.0
1,2610,2610.0,0,0.0
1,2611,2611.0,0,0.0
1,2612,2612.0,0,0.0
1,2613,2613.0,0,0.0
1,2614,2614.0,0,0.0
1,2615,2615.0,0,0.0
1,2616,2616.0,0,0.0
1,2617,2617.0,0,0.0
1,2618,2618.0,0,0.0
1,2619,2619.0,0,0.0
1,2620,2620.0,0,0.0
1,2621,2621.0,0,0.0
1,2622,2622.0,0,0.0
1,2623,2623.0,0,0.0
1,2624,2624.0,0,0.0
1,2625,2625.0,0,0.0
1,2626,2626.0,0,0.0
1,2627,2627.0,0,0.0
1,2628,2628.0,0,0.0
1,2629,2629.0,0,0.0
1,2630,2630.0,0,0.0
1,2631,2631.0,0,0.0
1,2632,2632.0,0,0.0
1,2633,2633.0,0,0.0
1,2634,2634.0,0,0.0
1,2635,2635.0,0,0.0
1,2636,2636.0,0,0.0
1,2637,2637.0,0,0.0
1,2638,2638.0,0,0.0
1,2639,2639.0,0,0.0
1,2640,2640.0,0,0.0
1,2641,2641.0,0,0.0
1,2642,2642.0,0,0.0
1,2643,2643.0,0,0.0
1,2644,2644.0,0,0.0
1,2645,2645.0,0,0.0
1,2646,2646.0,0,0.0
1,2647,2647.0,0,0.0
1,2648,2648.0,0,0.0
1,2649,2649.0,0,0.0
1,2650,2650.0,0,0.0
1,2651,2651.0,0,0.0
1,2652,2652.0,0,0.0
1,2653,2653.0,0,0.0
1,2654,2654.0,0,0.0
1,2655,2655.0,0,0.0
1,2656,2656.0,0,0.0
1,2657,2657.0,0,0.0
1,2658,2658.0,0,0.0
1,2659,2659.0,0,0.0
1,2660,2660.0,0,0.0
1,2661,2661.0,0,0.0
1,2662,2662.0,0,0.0
1,2663,2663.0,0,0.0
1,2664,2664.0,0,0.0
1,2665,2665.0,0,0.0
1,2666,2666.0,0,0.0
1,2667,2667.0,0,0.0
1,2668,2668.0,0,0.0
1,2669,2669.0,0,0.0
1,2670,2670.0,0,0.0
1,2671,2671.0,0,0.0
1,2672,2672.0,0,0.0
1,2673,2673.0,0,0.0
1,2674,2674.0,0,0.0
1,2675,2675.0,0,0.0
1,2676,2676.0,0,0.0
1,2677,2677.0,0,0.0
1,2678,2678.0,0,0.0
1,2679,2679.0,0,0.0
1,2680,2680.0,0,0.0
1,2681,2681.0,0,0.0
1,2682,2682.0,0,0.0
1,2683,2683.0,0,0.0
1,2684,2684.0,0,0.0
1,2685,2685.0,0,0.0
1,2686,2686.0,0,0.0
1,2687,2687.0,0,0.0
1,2688,2688.0,0,0.0
1,2689,2689.0,0,0.0
1,2690,2690.0,0,0.0
1,2691,2691.0,0,0.0
1,2692,2692.0,0,0.0
1,2693,2693.0,0,0.0
1,2694,2694.0,0,0.0
1,2695,2695.0,0,0.0
1,2696,2696.0,0,0.0
1,2697,2697.0,0,0.0
1,2698,2698.0,0,0.0
1,2699,2699.0,0,0.0
1,2700,2700.0,0,0.0
1,2701,2701.0,0,0.0
1,2702,2702.0,0,0.0
1,2703,2703.0,0,0.0
1,2704,2704.0,0,0.0
1,2705,2705.0,0,0.0
1,2706,2706.0,0,0.0
1,2707,2707.0,0,0.0
1,2708,2708.0,0,0.0
1,2709,2709.0,0,0.0
1,2710,2710.0,0,0.0
1,2711,2711.0,0,0.0
1,2712,2712.0,0,0.0
1,2713,2713.0,0,0.0
1,2714,2714.0,0,0.0
1,2715,2715.0,0,0.0
1,2716,2716.0,0,0.0
1,2717,2717.0,0,0.0
1,2718,2718.0,0,0.0
1,2719,2719.0,0,0.0
1,2720,2720.0,0,0.0
1,2721,2721.0,0,0.0
1,2722,2722.0,0,0.0
1,2723,2723.0,0,0.0
1,2724,2724.0,0,0.0
1,2725,2725.0,0,0.0
1,2726,2726.0,0,0.0
1,2727,2727.0,0,0.0
1,2728,2728.0,0,0.0
1,2729,2729.0,0,0.0
1,2730,2730.0,0,0.0
1,2731,2731.0,0,0.0
1,2732,2732.0,0,0.0
1,2733,2733.0,0,0.0
1,2734,2734.0,0,0.0
1,2735,2735.0,0,0.0
1,2736,2736.0,0,0.0
1,2737,2737.0,0,0.0
1,2738,2738.0,0,0.0
1,2739,2739.0,0,0.0
1,2740,2740.0,0,0.0
1,2741,2741.0,0,0.0
1,2742,2742.0,0,0.0
1,2743,2743.0,0,0.0
1,2744,2744.0,0,0.0
1,2745,2745.0,0,0.0
1,2746,2746.0,0,0.0
1,2747,2747.0,0,0.0
1,2748,2748.0,0,0.0
1,2749,2749.0,0,0.0
1,2750,2750.0,0,0.0
1,2751,2751.0,0,0.0
1,2752,2752.0,0,0.0
1,2753,2753.0,0,0.0
1,2754,2754.0,0,0.0
1,2755,2755.0,0,0.0
1,2756,2756.0,0,0.0
1,2757,2757.0,0,0.0
1,2758,2758.0,0,0.0
1,2759,2759.0,0,0.0
1,2760,2760.0,0,0.0
1,2761,2761.0,0,0.0
1,2762,2762.0,0,0.0
1,2763,2763.0,0,0.0
1,2764,2764.0,0,0.0
1,2765,2765.0,0,0.0
1,2766,2766.0,0,0.0
1,2767,2767.0,0,0.0
1,2768,2768.0,0,0.0
1,2769,2769.0,0,0.0
1,2770,2770.0,0,0.0
1,2771,2771.0,0,0.0
1,2772,2772.0,0,0.0
1,2773,2773.0,0,0.0
1,2774,2774.0,0,0.0
1,2775,2775.0,0,0.0
1,2776,2776.0,0,0.0
1,2777,2777.0,0,0.0
1,2778,2778.0,0,0.0
1,2779,2779.0,0,0.0
1,2780,2780.0,0,0.0
1,2781,2781.0,0,0.0
1,2782,2782.0,0,0.0
1,2783,2783.0,0,0.0
1,2784,2784.0,0,0.0
1,2785,2785.0,0,0.0
1,2786,2786.0,0,0.0
1,2787,2787.0,0,0.0
1,2788,2788.0,0,0.0
1,2789,2789.0,0,0.0
1,2790,2790.0,0,0.0
1,2791,2791.0,0,0.0
1,2792,2792.0,0,0.0
1,2793,2793.0,0,0.0
1,2794,2794.0,0,0.0
1,2795,2795.0,0,0.0
1,2796,2796.0,0,0.0
1,2797,2797.0,0,0.0
1,2798,2798.0,0,0.0
1,2799,2799.0,0,0.0
1,2800,2800.0,0,0.0
1,2801,2801.0,0,0.0
1,2802,2802.0,0,0.0
1,2803,2803.0,0,0.0
1,2804,2804.0,0,0.0
1,2805,2805.0,0,0.0
1,2806,2806.0,0,0.0
1,2807,2807.0,0,0.0
1,2808,2808.0,0,0.0
1,2809,2809.0,0,0.0
1,2810,2810.0,0,0.0
1,2811,2811.0,0,0.0
1,2812,2812.0,0,0.0
1,2813,2813.0,0,0.0
1,2814,2814.0,0,0.0
1,2815,2815.0,0,0.0
1,2816,2816.0,0,0.0
1,2817,2817.0,0,0.0
1,2818,2818.0,0,0.0
1,2819,2819.0,0,0.0
1,2820,2820.0,0,0.0
1,2821,2821.0,0,0.0
1,2822,2822.0,0,0.0
1,2823,2823.0,0,0.0
1,2824,2824.0,0,0.0
1,2825,2825.0,0,0.0
1,2826,2826.0,0,0.0
1,2827,2827.0,0,0.0
1,2828,2828.0,0,0.0
1,2829,2829.0,0,0.0
1,2830,2830.0,0,0.0
1,2831,2831.0,0,0.0
1,2832,2832.0,0,0.0
1,2833,2833.0,0,0.0
1,2834,2834.0,0,0.0
1,2835,2835.0,0,0.0
1,2836,2836.0,0,0.0
1,2837,2837.0,0,0.0
1,2838,2838.0,0,0.0
1,2839,2839.0,0,0.0
1,2840,2840.0,0,0.0
1,2841,2841.0,0,0.0
1,2842,2842.0,0,0.0
1,2843,2843.0,0,0.0
1,2844,2844.0,0,0.0
1,2845,2845.0,0,0.0
1,2846,2846.0,0,0.0
1,2847,2847.0,0,0.0
1,2848,2848.0,0,0.0
1,2849,2849.0,0,0.0
1,2850,2850.0,0,0.0
1,2851,2851.0,0,0.0
1,2852,2852.0,0,0.0
1,2853,2853.0,0,0.0
1,2854,2854.0,0,0.0
1,2855,2855.0,0,0.0
1,2856,2856.0,0,0.0
1,2857,2857.0,0,0.0
1,2858,2858.0,0,0.0
1,2859,2859.0,0,0.0
1,2860,2860.0,0,0.0
1,2861,2861.0,0,0.0
1,2862,2862.0,0,0.0
1,2863,2863.0,0,0.0
1,2864,2864.0,0,0.0
1,2865,2865.0,0,0.0
1,2866,2866.0,0,0.0
1,2867,2867.0,0,0.0
1,2868,2868.0,0,0.0
1,2869,2869.0,0,0.0
1,2870,2870.0,0,0.0
1,2871,2871.0,0,0.0
1,2872,2872.0,0,0.0
1,2873,2873.0,0,0.0
1,2874,2874.0,0,0.0
1,2875,2875.0,0,0.0
1,2876,2876.0,0,0.0
1,2877,2877.0,0,0.0
1,2878,2878.0,0,0.0
1,2879,2879.0,0,0.0
1,2880,2880.0,0,0.0
1,2881,2881.0,0,0.0
1,2882,2882.0,0,0.0
1,2883,2883.0,0,0.0
1,2884,2884.0,0,0.0
1,2885,2885.0,0,0.0
1,2886,2886.0,0,0.0
1,2887,2887.0,0,0.0
1,2888,2888.0,0,0.0
1,2889,2889.0,0,0.0
1,2890,2890.0,0,0.0
1,2891,2891.0,0,0.0
1,2892,2892.0,0,0.0
1,2893,2893.0,0,0.0
1,2894,2894.0,0,0.0
1,2895,2895.0,0,0.0
1,2896,2896.0,0,0.0
1,2897,2897.0,0,0.0
1,2898,2898.0,0,0.0
1,2899,2899.0,0,0.0
1,2900,2900.0,0,0.0
1,2901,2901.0,0,0.0
1,2902,2902.0,0,0.0
1,2903,2903.0,0,0.0
1,2904,2904.0,0,0.0
1,2905,2905.0,0,0.0
1,2906,2906.0,0,0.0
1,2907,2907.0,0,0.0
1,2908,2908.0,0,0.0
1,2909,2909.0,0,0.0
1,2910,2910.0,0,0.0
1,2911,2911.0,0,0.0
1,2912,2912.0,0,0.0
1,2913,2913.0,0,0.0
1,2914,2914.0,0,0.0
1,2915,2915.0,0,0.0
1,2916,2916.0,0,0.0
1,2917,2917.0,0,0.0
1,2918,2918.0,0,0.0
1,2919,2919.0,0,0.0
1,2920,2920.0,0,0.0
1,2921,2921.0,0,0.0
1,2922,2922.0,0,0.0
1,2923,2923.0,0,0.0
1,2924,2924.0,0,0.0
1,2925,2925.0,0,0.0
1,2926,2926.0,0,0.0
1,2927,2927.0,0,0.0
1,2928,2928.0,0,0.0
1,2929,2929.0,0,0.0
1,2930,2930.0,0,0.0
1,2931,2931.0,0,0.0
1,2932,2932.0,0,0.0
1,2933,2933.0,0,0.0
1,2934,2934.0,0,0.0
1,2935,2935.0,0,0.0
1,2936,2936.0,0,0.0
1,2937,2937.0,0,0.0
1,2938,2938.0,0,0.0
1,2939,2939.0,0,0.0
1,2940,2940.0,0,0.0
1,2941,2941.0,0,0.0
1,2942,2942.0,0,0.0
1,2943,2943.0,0,0.0
1,2944,2944.0,0,0.0
1,2945,2945.0,0,0.0
1,2946,2946.0,0,0.0
1,2947,2947.0,0,0.0
1,2948,2948.0,0,0.0
1,2949,2949.0,0,0.0
1,2950,2950.0,0,0.0
1,2951,2951.0,0,0.0
1,2952,2952.0,0,0.0
1,2953,2953.0,0,0.0
1,2954,2954.0,0,0.0
1,2955,2955.0,0,0.0
1,2956,2956.0,0,0.0
1,2957,2957.0,0,0.0
1,2958,2958.0,0,0.0
1,2959,2959.0,0,0.0
1,2960,2960.0,0,0.0
1,2961,2961.0,0,0.0
1,2962,2962.0,0,0.0
1,2963,2963.0,0,0.0
1,2964,2964.0,0,0.0
1,2965,2965.0,0,0.0
1,2966,2966.0,0,0.0
1,2967,2967.0,0,0.0
1,2968,2968.0,0,0.0
1,2969,2969.0,0,0.0
1,2970,2970.0,0,0.0
1,2971,2971.0,0,0.0
1,2972,2972.0,0,0.0
1,2973,2973.0,0,0.0
1,2974,2974.0,0,0.0
1,2975,2975.0,0,0.0
1,2976,2976.0,0,0.0
1,2977,2977.0,0,0.0
1,2978,2978.0,0,0.0
1,2979,2979.0,0,0.0
1,2980,2980.0,0,0.0
1,2981,2981.0,0,0.0
1,2982,2982.0,0,0.0
1,2983,2983.0,0,0.0
1,2984,2984.0,0,0.0
1,2985,2985.0,0,0.0
1,2986,2986.0,0,0.0
1,2987,2987.0,0,0.0
1,2988,2988.0,0,0.0
1,2989,2989.0,0,0.0
1,2990,2990.0,0,0.0
1,2991,2991.0,0,0.0
1,2992,2992.0,0,0.0
1,2993,2993.0,0,0.0
1,2994,2994.0,0,0.0
1,2995,2995.0,0,0.0
1,2996,2996.0,0,0.0
1,2997,2997.0,0,0.0
1,2998,2998.0,0,0.0
1,2999,2999.0,0,0.0
1,3000,3000.0,0,0.0
1,3001,3001.0,0,0.0
1,3002,3002.0,0,0.0
1,3003,3003.0,0,0.0
1,3004,3004.0,0,0.0
1,3005,3005.0,0,0.0
1,3006,3006.0,0,0.0
1,3007,3007.0,0,0.0
1,3008,3008.0,0,0.0
1,3009,3009.0,0,0.0
1,3010,3010.0,0,0.0
1,3011,3011.0,0,0.0
1,3012,3012.0,0,0.0
1,3013,3013.0,0,0.0
1,3014,3014.0,0,0.0
1,3015,3015.0,0,0.0
1,3016,3016.0,0,0.0
1,3017,3017.0,0,0.0
1,3018,3018.0,0,0.0
1,3019,3019.0,0,0.0
1,3020,3020.0,0,0.0
1,3021,3021.0,0,0.0
1,3022,3022.0,0,0.0
1,3023,3023.0,0,0.0
1,3024,3024.0,0,0.0
1,3025,3025.0,0,0.0
1,3026,3026.0,0,0.0
1,3027,3027.0,0,0.0
1,3028,3028.0,0,0.0
1,3029,3029.0,0,0.0
1,3030,3030.0,0,0.0
1,3031,3031.0,0,0.0
1,3032,3032.0,0,0.0
1,3033,3033.0,0,0.0
1,3034,3034.0,0,0.0
1,3035,3035.0,0,0.0
1,3036,3036.0,0,0.0
1,3037,3037.0,0,0.0
1,3038,3038.0,0,0.0
1,3039,3039.0,0,0.0
1,3040,3040.0,0,0.0
1,3041,3041.0,0,0.0
1,3042,3042.0,0,0.0
1,3043,3043.0,0,0.0
1,3044,3044.0,0,0.0
1,3045,3045.0,0,0.0
1,3046,3046.0,0,0.0
1,3047,3047.0,0,0.0
1,3048,3048.0,0,0.0
1,3049,3049.0,0,0.0
1,3050,3050.0,0,0.0
1,3051,3051.0,0,0.0
1,3052,3052.0,0,0.0
1,3053,3053.0,0,0.0
1,3054,3054.0,0,0.0
1,3055,3055.0,0,0.0
1,3056,3056.0,0,0.0
1,3057,3057.0,0,0.0
1,3058,3058.0,0,0.0
1,3059,3059.0,0,0.0
1,3060,3060.0,0,0.0
1,3061,3061.0,0,0.0
1,3062,3062.0,0,0.0
1,3063,3063.0,0,0.0
1,3064,3064.0,0,0.0
1,3065,3065.0,0,0.0
1,3066,3066.0,0,0.0
1,3067,3067.0,0,0.0
1,3068,3068.0,0,0.0
1,3069,3069.0,0,0.0
1,3070,3070.0,0,0.0
1,3071,3071.0,0,0.0
1,3072,3072.0,0,0.0
2,3073,3073.0,0,0.0
2,3074,3074.0,0,0.0
2,3075,3075.0,0,0.0
2,3076,3076.0,0,0.0
2,3077,3077.0,0,0.0
2,3078,3078.0,0,0.0
2,3079,3079.0,0,0.0
2,3080,3080.0,0,0.0
2,3081,3081.0,0,0.0
2,3082,3082.0,0,0.0
2,3083,3083.0,0,0.0
2,3084,3084.0,0,0.0
2,3085,3085.0,0,0.0
2,3086,3086.0,0,0.0
2,3087,3087.0,0,0.0
2,3088,3088.0,0,0.0
2,3089,3089.0,0,0.0
2,3090,3090.0,0,0.0
2,3091,3091.0,0,0.0
2,3092,3092.0,0,0.0
2,3093,3093.0,0,0.0
2,3094,3094.0,0,0.0
2,3095,3095.0,0,0.0
2,3096,3096.0,0,0.0
2,3097,3097.0,0,0.0
2,3098,3098.0,0,0.0
2,3099,3099.0,0,0.0
2,3100,3100.0,0,0.0
2,3101,3101.0,0,0.0
2,3102,3102.0,0,0.0
2,3103,3103.0,0,0.0
2,3104,3104.0,0,0.0
2,3105,3105.0,0,0.0
2,3106,3106.0,0,0.0
2,3107,3107.0,0,0.0
2,3108,3108.0,0,0.0
2,3109,3109.0,0,0.0
2,3110,3110.0,0,0.0
2,3111,3111.0,0,0.0
2,3112,3112.0,0,0.0
2,3113,3113.0,0,0.0
2,3114,3114.0,0,0.0
2,3115,3115.0,0,0.0
2,3116,3116.0,0,0.0
2,3117,3117.0,0,0.0
2,3118,3118.0,0,0.0
2,3119,3119.0,0,0.0
2,3120,3120.0,0,0.0
2,3121,3121.0,0,0.0
2,3122,3122.0,0,0.0
2,3123,3123.0,0,0.0
2,3124,3124.0,0,0.0
2,3125,3125.0,0,0.0
2,3126,3126.0,0,0.0
2,3127,3127.0,0,0.0
2,3128,3128.0,0,0.0
2,3129,3129.0,0,0.0
2,3130,3130.0,0,0.0
2,3131,3131.0,0,0.0
2,3132,3132.0,0,0.0
2,3133,3133.0,0,0.0
2,3134,3134.0,0,0.0
2,3135,3135.0,0,0.0
2,3136,3136.0,0,0.0
2,3137,3137.0,0,0.0
2,3138,3138.0,0,0.0
2,3139,3139.0,0,0.0
2,3140,3140.0,0,0.0
2,3141,3141.0,0,0.0
2,3142,3142.0,0,0.0
2,3143,3143.0,0,0.0
2,3144,3144.0,0,0.0
2,3145,3145.0,0,0.0
2,3146,3146.0,0,0.0
2,3147,3147.0,0,0.0
2,3148,3148.0,0,0.0
2,3149,3149.0,0,0.0
2,3150,3150.0,0,0.0
2,3151,3151.0,0,0.0
2,3152,3152.0,0,0.0
2,3153,3153.0,0,0.0
2,3154,3154.0,0,0.0
2,3155,3155.0,0,0.0
2,3156,3156.0,0,0.0
2,3157,3157.0,0,0.0
2,3158,3158.0,0,0.0
2,3159,3159.0,0,0.0
2,3160,3160.0,0,0.0
2,3161,3161.0,0,0.0
2,3162,3162.0,0,0.0
2,3163,3163.0,0,0.0
2,3164,3164.0,0,0.0
2,3165,3165.0,0,0.0
2,3166,3166.0,0,0.0
2,3167,3167.0,0,0.0
2,3168,3168.0,0,0.0
2,3169,3169.0,0,0.0
2,3170,3170.0,0,0.0
2,3171,3171.0,0,0.0
2,3172,3172.0,0,0.0
2,3173,3173.0,0,0.0
2,3174,3174.0,0,0.0
2,3175,3175.0,0,0.0
2,3176,3176.0,0,0.0
2,3177,3177.0,0,0.0
2,3178,3178.0,0,0.0
2,3179,3179.0,0,0.0
2,3180,3180.0,0,0.0
2,3181,3181.0,0,0.0
2,3182,3182.0,0,0.0
2,3183,3183.0,0,0.0
2,3184,3184.0,0,0.0
2,3185,3185.0,0,0.0
2,3186,3186.0,0,0.0
2,3187,3187.0,0,0.0
2,3188,3188.0,0,0.0
2,3189,3189.0,0,0.0
2,3190,3190.0,0,0.0
2,3191,3191.0,0,0.0
2,3192,3192.0,0,0.0
2,3193,3193.0,0,0.0
2,3194,3194.0,0,0.0
2,3195,3195.0,0,0.0
2,3196,3196.0,0,0.0
2,3197,3197.0,0,0.0
2,3198,3198.0,0,0.0
2,3199,3199.0,0,0.0
2,3200,3200.0,0,0.0
2,3201,3201.0,0,0.0
2,3202,3202.0,0,0.0
2,3203,3203.0,0,0.0
2,3204,3204.0,0,0.0
2,3205,3205.0,0,0.0
2,3206,3206.0,0,0.0
2,3207,3207.0,0,0.0
2,3208,3208.0,0,0.0
2,3209,3209.0,0,0.0
2,3210,3210.0,0,0.0
2,3211,3211.0,0,0.0
2,3212,3212.0,0,0.0
2,3213,3213.0,0,0.0
2,3214,3214.0,0,0.0
2,3215,3215.0,0,0.0
2,3216,3216.0,0,0.0
2,3217,3217.0,0,0.0
2,3218,3218.0,0,0.0
2,3219,3219.0,0,0.0
2,3220,3220.0,0,0.0
2,3221,3221.0,0,0.0
2,3222,3222.0,0,0.0
2,3223,3223.0,0,0.0
2,3224,3224.0,0,0.0
2,3225,3225.0,0,0.0
2,3226,3226.0,0,0.0
2,3227,3227.0,0,0.0
2,3228,3228.0,0,0.0
2,3229,3229.0,0,0.0
2,3230,3230.0,0,0.0
2,3231,3231.0,0,0.0
2,3232,3232.0,0,0.0
2,3233,3233.0,0,0.0
2,3234,3234.0,0,0.0
2,3235,3235.0,0,0.0
2,3236,3236.0,0,0.0
2,3237,3237.0,0,0.0
2,3238,3238.0,0,0.0
2,3239,3239.0,0,0.0
2,3240,3240.0,0,0.0
2,3241,3241.0,0,0.0
2,3242,3242.0,0,0.0
2,3243,3243.0,0,0.0
2,3244,3244.0,0,0.0
2,3245,3245.0,0,0.0
2,3246,3246.0,0,0.0
2,3247,3247.0,0,0.0
2,3248,3248.0,0,0.0
2,3249,3249.0,0,0.0
2,3250,3250.0,0,0.0
2,3251,3251.0,0,0.0
2,3252,3252.0,0,0.0
2,3253,3253.0,0,0.0
2,3254,3254.0,0,0.0
2,3255,3255.0,0,0.0
2,3256,3256.0,0,0.0
2,3257,3257.0,0,0.0
2,3258,3258.0,0,0.0
2,3259,3259.0,0,0.0
2,3260,3260.0,0,0.0
2,3261,3261.0,0,0.0
2,3262,3262.0,0,0.0
2,3263,3263.0,0,0.0
2,3264,3264.0,0,0.0
2,3265,3265.0,0,0.0
2,3266,3266.0,0,0.0
2,3267,3267.0,0,0.0
2,3268,3268.0,0,0.0
2,3269,3269.0,0,0.0
2,3270,3270.0,0,0.0
2,3271,3271.0,0,0.0
2,3272,3272.0,0,0.0
2,3273,3273.0,0,0.0
2,3274,3274.0,0,0.0
2,3275,3275.0,0,0.0
2,3276,3276.0,0,0.0
2,3277,3277.0,0,0.0
2,3278,3278.0,0,0.0
2,3279,3279.0,0,0.0
2,3280,3280.0,0,0.0
2,3281,3281.0,0,0.0
2,3282,3282.0,0,0.0
2,3283,3283.0,0,0.0
2,3284,3284.0,0,0.0
2,3285,3285.0,0,0.0
2,3286,3286.0,0,0.0
2,3287,3287.0,0,0.0
2,3288,3288.0,0,0.0
2,3289,3289.0,0,0.0
2,3290,3290.0,0,0.0
2,3291,3291.0,0,0.0
2,3292,3292.0,0,0.0
2,3293,3293.0,0,0.0
2,3294,3294.0,0,0.0
2,3295,3295.0,0,0.0
2,3296,3296.0,0,0.0
2,3297,3297.0,0,0.0
2,3298,3298.0,0,0.0
2,3299,3299.0,0,0.0
2,3300,3300.0,0,0.0
2,3301,3301.0,0,0.0
2,3302,3302.0,0,0.0
2,3303,3303.0,0,0.0
2,3304,3304.0,0,0.0
2,3305,3305.0,0,0.0
2,3306,3306.0,0,0.0
2,3307,3307.0,0,0.0
2,3308,3308.0,0,0.0
2,3309,3309.0,0,0.0
2,3310,3310.0,0,0.0
2,3311,3311.0,0,0.0
2,3312,3312.0,0,0.0
2,3313,3313.0,0,0.0
2,3314,3314.0,0,0.0
2,3315,3315.0,0,0.0
2,3316,3316.0,0,0.0
2,3317,3317.0,0,0.0
2,3318,3318.0,0,0.0
2,3319,3319.0,0,0.0
2,3320,3320.0,0,0.0
2,3321,3321.0,0,0.0
2,3322,3322.0,0,0.0
2,3323,3323.0,0,0.0
2,3324,3324.0,0,0.0
2,3325,3325.0,0,0.0
2,3326,3326.0,0,0.0
2,3327,3327.0,0,0.0
2,3328,3328.0,0,0.0
2,3329,3329.0,0,0.0
2,3330,3330.0,0,0.0
2,3331,3331.0,0,0.0
2,3332,3332.0,0,0.0
2,3333,3333.0,0,0.0
2,3334,3334.0,0,0.0
2,3335,3335.0,0,0.0
2,3336,3336.0,0,0.0
2,3337,3337.0,0,0.0
2,3338,3338.0,0,0.0
2,3339,3339.0,0,0.0
2,3340,3340.0,0,0.0
2,3341,3341.0,0,0.0
2,3342,3342.0,0,0.0
2,3343,3343.0,0,0.0
2,3344,3344.0,0,0.0
2,3345,3345.0,0,0.0
2,3346,3346.0,0,0.0
2,3347,3347.0,0,0.0
2,3348,3348.0,0,0.0
2,3349,3349.0,0,0.0
2,3350,3350.0,0,0.0
2,3351,3351.0,0,0.0
2,3352,3352.0,0,0.0
2,3353,3353.0,0,0.0
2,3354,3354.0,0,0.0
2,3355,3355.0,0,0.0
2,3356,3356.0,0,0.0
2,3357,3357.0,0,0.0
2,3358,3358.0,0,0.0
2,3359,3359.0,0,0.0
2,3360,3360.0,0,0.0
2,3361,3361.0,0,0.0
2,3362,3362.0,0,0.0
2,3363,3363.0,0,0.0
2,3364,3364.0,0,0.0
2,3365,3365.0,0,0.0
2,3366,3366.0,0,0.0
2,3367,3367.0,0,0.0
2,3368,3368.0,0,0.0
2,3369,3369.0,0,0.0
2,3370,3370.0,0,0.0
2,3371,3371.0,0,0.0
2,3372,3372.0,0,0.0
2,3373,3373.0,0,0.0
2,3374,3374.0,0,0.0
2,3375,3375.0,0,0.0
2,3376,3376.0,0,0.0
2,3377,3377.0,0,0.0
2,3378,3378.0,0,0.0
2,3379,3379.0,0,0.0
2,3380,3380.0,0,0.0
2,3381,3381.0,0,0.0
2,3382,3382.0,0,0.0
2,3383,3383.0,0,0.0
2,3384,3384.0,0,0.0
2,3385,3385.0,0,0.0
2,3386,3386.0,0,0.0
2,3387,3387.0,0,0.0
2,3388,3388.0,0,0.0
2,3389,3389.0,0,0.0
2,3390,3390.0,0,0.0
2,3391,3391.0,0,0.0
2,3392,3392.0,0,0.0
2,3393,3393.0,0,0.0
2,3394,3394.0,0,0.0
2,3395,3395.0,0,0.0
2,3396,3396.0,0,0.0
2,3397,3397.0,0,0.0
2,3398,3398.0,0,0.0
2,3399,3399.0,0,0.0
2,3400,3400.0,0,0.0
2,3401,3401.0,0,0.0
2,3402,3402.0,0,0.0
2,3403,3403.0,0,0.0
2,3404,3404.0,0,0.0
2,3405,3405.0,0,0.0
2,3406,3406.0,0,0.0
2,3407,3407.0,0,0.0
2,3408,3408.0,0,0.0
2,3409,3409.0,0,0.0
2,3410,3410.0,0,0.0
2,3411,3411.0,0,0.0
2,3412,3412.0,0,0.0
2,3413,3413.0,0,0.0
2,3414,3414.0,0,0.0
2,3415,3415.0,0,0.0
2,3416,3416.0,0,0.0
2,3417,3417.0,0,0.0
2,3418,3418.0,0,0.0
2,3419,3419.0,0,0.0
2,3420,3420.0,0,0.0
2,3421,3421.0,0,0.0
2,3422,3422.0,0,0.0
2,3423,3423.0,0,0.0
2,3424,3424.0,0,0.0
2,3425,3425.0,0,0.0
2,3426,3426.0,0,0.0
2,3427,3427.0,0,0.0
2,3428,3428.0,0,0.0
2,3429,3429.0,0,0.0
2,3430,3430.0,0,0.0
2,3431,3431.0,0,0.0
2,3432,3432.0,0,0.0
2,3433,3433.0,0,0.0
2,3434,3434.0,0,0.0
2,3435,3435.0,0,0.0
2,3436,3436.0,0,0.0
2,3437,3437.0,0,0.0
2,3438,3438.0,0,0.0
2,3439,3439.0,0,0.0
2,3440,3440.0,0,0.0
2,3441,3441.0,0,0.0
2,3442,3442.0,0,0.0
2,3443,3443.0,0,0.0
2,3444,3444.0,0,0.0
2,3445,3445.0,0,0.0
2,3446,3446.0,0,0.0
2,3447,3447.0,0,0.0
2,3448,3448.0,0,0.0
2,3449,3449.0,0,0.0
2,3450,3450.0,0,0.0
2,3451,3451.0,0,0.0
2,3452,3452.0,0,0.0
2,3453,3453.0,0,0.0
2,3454,3454.0,0,0.0
2,3455,3455.0,0,0.0
2,3456,3456.0,0,0.0
2,3457,3457.0,0,0.0
2,3458,3458.0,0,0.0
2,3459,3459.0,0,0.0
2,3460,3460.0,0,0.0
2,3461,3461.0,0,0.0
2,3462,3462.0,0,0.0
2,3463,3463.0,0,0.0
2,3464,3464.0,0,0.0
2,3465,3465.0,0,0.0
2,3466,3466.0,0,0.0
2,3467,3467.0,0,0.0
2,3468,3468.0,0,0.0
2,3469,3469.0,0,0.0
2,3470,3470.0,0,0.0
2,3471,3471.0,0,0.0
2,3472,3472.0,0,0.0
2,3473,3473.0,0,0.0
2,3474,3474.0,0,0.0
2,3475,3475.0,0,0.0
2,3476,3476.0,0,0.0
2,3477,3477.0,0,0.0
2,3478,3478.0,0,0.0
2,3479,3479.0,0,0.0
2,3480,3480.0,0,0.0
2,3481,3481.0,0,0.0
2,3482,3482.0,0,0.0
2,3483,3483.0,0,0.0
2,3484,3484.0,0,0.0
2,3485,3485.0,0,0.0
2,3486,3486.0,0,0.0
2,3487,3487.0,0,0.0
2,3488,3488.0,0,0.0
2,3489,3489.0,0,0.0
2,3490,3490.0,0,0.0
2,3491,3491.0,0,0.0
2,3492,3492.0,0,0.0
2,3493,3493.0,0,0.0
2,3494,3494.0,0,0.0
2,3495,3495.0,0,0.0
2,3496,3496.0,0,0.0
2,3497,3497.0,0,0.0
2,3498,3498.0,0,0.0
2,3499,3499.0,0,0.0
2,3500,3500.0,0,0.0
2,3501,3501.0,0,0.0
2,3502,3502.0,0,0.0
2,3503,3503.0,0,0.0
2,3504,3504.0,0,0.0
2,3505,3505.0,0,0.0
2,3506,3506.0,0,0.0
2,3507,3507.0,0,0.0
2,3508,3508.0,0,0.0
2,3509,3509.0,0,0.0
2,3510,3510.0,0,0.0
2,3511,3511.0,0,0.0
2,3512,3512.0,0,0.0
2,3513,3513.0,0,0.0
2,3514,3514.0,0,0.0
2,3515,3515.0,0,0.0
2,3516,3516.0,0,0.0
2,3517,3517.0,0,0.0
2,3518,3518.0,0,0.0
2,3519,3519.0,0,0.0
2,3520,3520.0,0,0.0
2,3521,3521.0,0,0.0
2,3522,3522.0,0,0.0
2,3523,3523.0,0,0.0
2,3524,3524.0,0,0.0
2,3525,3525.0,0,0.0
2,3526,3526.0,0,0.0
2,3527,3527.0,0,0.0
2,3528,3528.0,0,0.0
2,3529,3529.0,0,0.0
2,3530,3530.0,0,0.0
2,3531,3531.0,0,0.0
2,3532,3532.0,0,0.0
2,3533,3533.0,0,0.0
2,3534,3534.0,0,0.0
2,3535,3535.0,0,0.0
2,3536,3536.0,0,0.0
2,3537,3537.0,0,0.0
2,3538,3538.0,0,0.0
2,3539,3539.0,0,0.0
2,3540,3540.0,0,0.0
2,3541,3541.0,0,0.0
2,3542,3542.0,0,0.0
2,3543,3543.0,0,0.0
2,3544,3544.0,0,0.0
2,3545,3545.0,0,0.0
2,3546,3546.0,0,0.0
2,3547,3547.0,0,0.0
2,3548,3548.0,0,0.0
2,3549,3549.0,0,0.0
2,3550,3550.0,0,0.0
2,3551,3551.0,0,0.0
2,3552,3552.0,0,0.0
2,3553,3553.0,0,0.0
2,3554,3554.0,0,0.0
2,3555,3555.0,0,0.0
2,3556,3556.0,0,0.0
2,3557,3557.0,0,0.0
2,3558,3558.0,0,0.0
2,3559,3559.0,0,0.0
2,3560,3560.0,0,0.0
2,3561,3561.0,0,0.0
2,3562,3562.0,0,0.0
2,3563,3563.0,0,0.0
2,3564,3564.0,0,0.0
2,3565,3565.0,0,0.0
2,3566,3566.0,0,0.0
2,3567,3567.0,0,0.0
2,3568,3568.0,0,0.0
2,3569,3569.0,0,0.0
2,3570,3570.0,0,0.0
2,3571,3571.0,0,0.0
2,3572,3572.0,0,0.0
2,3573,3573.0,0,0.0
2,3574,3574.0,0,0.0
2,3575,3575.0,0,0.0
2,3576,3576.0,0,0.0
2,3577,3577.0,0,0.0
2,3578,3578.0,0,0.0
2,3579,3579.0,0,0.0
2,3580,3580.0,0,0.0
2,3581,3581.0,0,0.0
2,3582,3582.0,0,0.0
2,3583,3583.0,0,0.0
2,3584,3584.0,0,0.0
2,3585,3585.0,0,0.0
2,3586,3586.0,0,0.0
2,3587,3587.0,0,0.0
2,3588,3588.0,0,0.0
2,3589,3589.0,0,0.0
2,3590,3590.0,0,0.0
2,3591,3591.0,0,0.0
2,3592,3592.0,0,0.0
2,3593,3593.0,0,0.0
2,3594,3594.0,0,0.0
2,3595,3595.0,0,0.0
2,3596,3596.0,0,0.0
2,3597,3597.0,0,0.0
2,3598,3598.0,0,0.0
2,3599,3599.0,0,0.0
2,3600,3600.0,0,0.0
2,3601,3601.0,0,0.0
2,3602,3602.0,0,0.0
2,3603,3603.0,0,0.0
2,3604,3604.0,0,0.0
2,3605,3605.0,0,0.0
2,3606,3606.0,0,0.0
2,3607,3607.0,0,0.0
2,3608,3608.0,0,0.0
2,3609,3609.0,0,0.0
2,3610,3610.0,0,0.0
2,3611,3611.0,0,0.0
2,3612,3612.0,0,0.0
2,3613,3613.0,0,0.0
2,3614,3614.0,0,0.0
2,3615,3615.0,0,0.0
2,3616,3616.0,0,0.0
2,3617,3617.0,0,0.0
2,3618,3618.0,0,0.0
2,3619,3619.0,0,0.0
2,3620,3620.0,0,0.0
2,3621,3621.0,0,0.0
2,3622,3622.0,0,0.0
2,3623,3623.0,0,0.0
2,3624,3624.0,0,0.0
2,3625,3625.0,0,0.0
2,3626,3626.0,0,0.0
2,3627,3627.0,0,0.0
2,3628,3628.0,0,0.0
2,3629,3629.0,0,0.0
2,3630,3630.0,0,0.0
2,3631,3631.0,0,0.0
2,3632,3632.0,0,0.0
2,3633,3633.0,0,0.0
2,3634,3634.0,0,0.0
2,3635,3635.0,0,0.0
2,3636,3636.0,0,0.0
2,3637,3637.0,0,0.0
2,3638,3638.0,0,0.0
2,3639,3639.0,0,0.0
2,3640,3640.0,0,0.0
2,3641,3641.0,0,0.0
2,3642,3642.0,0,0.0
2,3643,3643.0,0,0.0
2,3644,3644.0,0,0.0
2,3645,3645.0,0,0.0
2,3646,3646.0,0,0.0
2,3647,3647.0,0,0.0
2,3648,3648.0,0,0.0
2,3649,3649.0,0,0.0
2,3650,3650.0,0,0.0
2,3651,3651.0,0,0.0
2,3652,3652.0,0,0.0
2,3653,3653.0,0,0.0
2,3654,3654.0,0,0.0
2,3655,3655.0,0,0.0
2,3656,3656.0,0,0.0
2,3657,3657.0,0,0.0
2,3658,3658.0,0,0.0
2,3659,3659.0,0,0.0
2,3660,3660.0,0,0.0
2,3661,3661.0,0,0.0
2,3662,3662.0,0,0.0
2,3663,3663.0,0,0.0
2,3664,3664.0,0,0.0
2,3665,3665.0,0,0.0
2,3666,3666.0,0,0.0
2,3667,3667.0,0,0.0
2,3668,3668.0,0,0.0
2,3669,3669.0,0,0.0
2,3670,3670.0,0,0.0
2,3671,3671.0,0,0.0
2,3672,3672.0,0,0.0
2,3673,3673.0,0,0.0
2,3674,3674.0,0,0.0
2,3675,3675.0,0,0.0
2,3676,3676.0,0,0.0
2,3677,3677.0,0,0.0
2,3678,3678.0,0,0.0
2,3679,3679.0,0,0.0
2,3680,3680.0,0,0.0
2,3681,3681.0,0,0.0
2,3682,3682.0,0,0.0
2,3683,3683.0,0,0.0
2,3684,3684.0,0,0.0
2,3685,3685.0,0,0.0
2,3686,3686.0,0,0.0
2,3687,3687.0,0,0.0
2,3688,3688.0,0,0.0
2,3689,3689.0,0,0.0
2,3690,3690.0,0,0.0
2,3691,3691.0,0,0.0
2,3692,3692.0,0,0.0
2,3693,3693.0,0,0.0
2,3694,3694.0,0,0.0
2,3695,3695.0,0,0.0
2,3696,3696.0,0,0.0
2,3697,3697.0,0,0.0
2,3698,3698.0,0,0.0
2,3699,3699.0,0,0.0
2,3700,3700.0,0,0.0
2,3701,3701.0,0,0.0
2,3702,3702.0,0,0.0
2,3703,3703.0,0,0.0
2,3704,3704.0,0,0.0
2,3705,3705.0,0,0.0
2,3706,3706.0,0,0.0
2,3707,3707.0,0,0.0
2,3708,3708.0,0,0.0
2,3709,3709.0,0,0.0
2,3710,3710.0,0,0.0
2,3711,3711.0,0,0.0
2,3712,3712.0,0,0.0
2,3713,3713.0,0,0.0
2,3714,3714.0,0,0.0
2,3715,3715.0,0,0.0
2,3716,3716.0,0,0.0
2,3717,3717.0,0,0.0
2,3718,3718.0,0,0.0
2,3719,3719.0,0,0.0
2,3720,3720.0,0,0.0
2,3721,3721.0,0,0.0
2,3722,3722.0,0,0.0
2,3723,3723.0,0,0.0
2,3724,3724.0,0,0.0
2,3725,3725.0,0,0.0
2,3726,3726.0,0,0.0
2,3727,3727.0,0,0.0
2,3728,3737.0,0,0.0
2,3729,3747.0,0,0.0
2,3730,3757.0,0,0.0
2,3731,3767.0,0,0.0
2,3732,3777.0,0,0.0
2,3733,3787.0,0,0.0
2,3734,3797.0,1,0.0002633658151171978
2,3735,3807.0,1,0.0002626740215392698
2,3736,3817.0,1,0.00026198585276395077
2,3737,3827.0,1,0.0002613012803762738
2,3738,3837.0,2,0.0005212405525149857
2,3739,3847.0,3,0.0007798284377436964
2,3740,3857.0,3,0.00077780658542909
2,3741,3867.0,3,0.0007757951900698216
2,3742,3877.0,4,0.0010317255610007739
2,3743,3887.0,4,0.0010290712631849757
2,3744,3897.0,4,0.0010264305876315114
2,3745,3907.0,5,0.001279754287176862
2,3746,3917.0,5,0.0012764871074802144
2,3747,3927.0,5,0.0012732365673542145
2,3748,3937.0,5,0.00127000254000508
2,3749,3947.0,6,0.0015201418799087915
2,3750,3957.0,6,0.001516300227445034
2,3751,3967.0,6,0.0015124779430299975
2,3752,3977.0,6,0.0015086748805632386
2,3753,3987.0,7,0.0017557060446450965
2,3754,3997.0,7,0.0017513134851138354
2,3755,4007.0,8,0.001996506114299975
2,3756,4017.0,9,0.0022404779686333084
2,3757,4027.0,9,0.0022349143282840824
2,3758,4037.0,9,0.002229378251176616
2,3759,4047.0,10,0.002470966147763776
2,3760,4057.0,10,0.002464875523786049
2,3761,4067.0,11,0.0027046963363658717
2,3762,4077.0,11,0.002698062300711307
2,3763,4087.0,11,0.0026914607291411794
2,3764,4097.0,11,0.002684891383939468
2,3765,4107.0,11,0.002678354029705381
2,3766,4117.0,12,0.002914743745445713
2,3767,4127.0,12,0.002907681124303368
2,3768,4137.0,13,0.0031423737007493352
2,3769,4147.0,13,0.003134796238244514
2,3770,4157.0,13,0.0031272552321385616
2,3771,4167.0,13,0.0031197504199664025
2,3772,4177.0,13,0.0031122815417763947
2,3773,4187.0,13,0.0031048483401003107
2,3774,4197.0,13,0.0030974505599237552
2,3775,4207.0,13,0.0030900879486570002
2,3776,4217.0,13,0.003082760256106237
2,3777,4227.0,14,0.0033120416370948664
2,3778,4237.0,14,0.003304224687278735
2,3779,4247.0,14,0.0032964445490934777
2,3780,4257.0,14,0.003288700963119568
2,3781,4267.0,14,0.0032809936723693462
2,3782,4277.0,14,0.0032733224222585926
2,3783,4287.0,14,0.0032656869605784933
2,3784,4297.0,15,0.003490807540144287
2,3785,4307.0,16,0.0037148827490132343
2,3786,4317.0,16,0.003706277507528376
2,3787,4327.0,16,0.0036977120406748326
2,3788,4337.0,16,0.0036891860733225734
2,3789,4347.0,16,0.003680699332873246
2,3790,4357.0,17,0.0039017672710580675
2,3791,4367.0,17,0.0038928326081978477
2,3792,4377.0,17,0.0038839387708476127
2,3793,4387.0,18,0.004103031684522453
2,3794,4397.0,18,0.0040937002501705705
3,3795,4398.0,18,0.004092769440654843
3,3796,4399.0,18,0.0040918390543305296
3,3797,4400.0,18,0.004090909090909091
3,3798,4401.0,18,0.00408997955010225
3,3799,4402.0,18,0.00408905043162199
3,3800,4403.0,18,0.004088121735180559
3,3801,4404.0,18,0.004087193460490463
3,3802,4405.0,18,0.004086265607264473
3,3803,4406.0,18,0.0040853381752156154
3,3804,4407.0,18,0.0040844111640571815
3,3805,4408.0,18,0.004083484573502722
3,3806,4409.0,18,0.0040825584032660464
3,3807,4410.0,18,0.004081632653061225
3,3808,4411.0,18,0.004080707322602585
3,3809,4412.0,18,0.004079782411604714
3,3810,4413.0,18,0.004078857919782461
3,3811,4414.0,18,0.0040779338468509285
3,3812,4415.0,18,0.0040770101925254815
3,3813,4416.0,18,0.004076086956521739
3,3814,4417.0,18,0.004075164138555581
3,3815,4418.0,18,0.004074241738343142
3,3816,4419.0,18,0.004073319755600814
3,3817,4420.0,18,0.004072398190045249
3,3818,4421.0,18,0.00407147704139335
3,3819,4422.0,18,0.004070556309362279
3,3820,4423.0,18,0.004069635993669455
3,3821,4424.0,18,0.00406871609403255
3,3822,4425.0,18,0.004067796610169492
3,3823,4426.0,18,0.004066877541798464
3,3824,4427.0,18,0.0040659588886379034
3,3825,4428.0,18,0.0040650406504065045
3,3826,4429.0,18,0.0040641228268232105
3,3827,4430.0,18,0.004063205417607223
3,3828,4431.0,18,0.004062288422477996
3,3829,4432.0,18,0.004061371841155234
3,3830,4433.0,18,0.004060455673358899
3,3831,4434.0,18,0.0040595399188092015
3,3832,4435.0,18,0.004058624577226606
3,3833,4436.0,18,0.0040577096483318306
3,3834,4437.0,18,0.004056795131845842
3,3835,4438.0,18,0.00405588102748986
3,3836,4439.0,18,0.004054967334985357
3,3837,4440.0,18,0.004054054054054054
3,3838,4441.0,18,0.004053141184417924
3,3839,4442.0,18,0.00405222872579919
3,3840,4443.0,18,0.004051316677920324
3,3841,4444.0,18,0.004050405040504051
3,3842,4445.0,18,0.0040494938132733405
3,3843,4446.0,18,0.004048582995951417
3,3844,4447.0,18,0.00404767258826175
3,3845,4448.0,18,0.0040467625899280575
3,3846,4449.0,18,0.004045853000674309
3,3847,4450.0,18,0.004044943820224719
3,3848,4451.0,18,0.004044035048303752
3,3849,4452.0,18,0.004043126684636119
3,3850,4453.0,18,0.004042218728946777
3,3851,4454.0,18,0.004041311180960934
3,3852,4455.0,18,0.00404040404040404
3,3853,4456.0,18,0.004039497307001795
3,3854,4457.0,18,0.004038590980480144
3,3855,4458.0,18,0.004037685060565276
3,3856,4459.0,18,0.004036779546983628
3,3857,4460.0,18,0.004035874439461884
3,3858,4461.0,18,0.004034969737726967
3,3859,4462.0,18,0.004034065441506051
3,3860,4463.0,18,0.004033161550526552
3,3861,4464.0,18,0.004032258064516129
3,3862,4465.0,18,0.004031354983202688
3,3863,4466.0,18,0.004030452306314375
3,3864,4467.0,18,0.004029550033579583
3,3865,4468.0,18,0.0040286481647269475
3,3866,4469.0,18,0.004027746699485343
3,3867,4470.0,18,0.004026845637583893
3,3868,4471.0,18,0.004025944978751957
3,3869,4472.0,18,0.004025044722719142
3,3870,4473.0,18,0.004024144869215292
3,3871,4474.0,18,0.004023245417970496
3,3872,4475.0,18,0.004022346368715084
3,3873,4476.0,18,0.004021447721179625
3,3874,4477.0,18,0.0040205494750949295
3,3875,4478.0,18,0.00401965163019205
3,3876,4479.0,18,0.004018754186202277
3,3877,4480.0,18,0.0040178571428571425
3,3878,4481.0,18,0.004016960499888418
3,3879,4482.0,18,0.004016064257028112
3,3880,4483.0,18,0.004015168414008476
3,3881,4484.0,18,0.004014272970561998
3,3882,4485.0,18,0.004013377926421404
3,3883,4486.0,18,0.004012483281319661
3,3884,4487.0,18,0.004011589034989971
3,3885,4488.0,18,0.004010695187165776
3,3886,4489.0,18,0.004009801737580753
3,3887,4490.0,18,0.004008908685968819
3,3888,4491.0,18,0.004008016032064128
3,3889,4492.0,18,0.004007123775601068
3,3890,4493.0,18,0.0040062319163142665
3,3891,4494.0,18,0.004005340453938585
3,3892,4495.0,18,0.004004449388209121
3,3893,4496.0,18,0.00400355871886121
3,3894,4497.0,18,0.004002668445630421
3,3895,4498.0,18,0.004001778568252557
3,3896,4499.0,18,0.004000889086463659
3,3897,4500.0,18,0.004
3,3898,4501.0,18,0.003999111308598089
3,3899,4502.0,18,0.003998223011994669
3,3900,4503.0,18,0.003997335109926716
3,3901,4504.0,18,0.003996447602131439
3,3902,4505.0,18,0.003995560488346282
3,3903,4506.0,18,0.0039946737683089215
3,3904,4507.0,18,0.0039937874417572666
3,3905,4508.0,18,0.003992901508429458
3,3906,4509.0,18,0.003992015968063872
3,3907,4510.0,18,0.003991130820399113
3,3908,4511.0,18,0.003990246065174019
3,3909,4512.0,18,0.003989361702127659
3,3910,4513.0,18,0.0039884777309993355
3,3911,4514.0,18,0.003987594151528578
3,3912,4515.0,18,0.003986710963455149
3,3913,4516.0,18,0.003985828166519044
3,3914,4517.0,18,0.003984945760460483
3,3915,4518.0,18,0.00398406374501992
3,3916,4519.0,18,0.00398318211993804
3,3917,4520.0,18,0.003982300884955752
3,3918,4521.0,18,0.003981420039814201
3,3919,4522.0,18,0.003980539584254755
3,3920,4523.0,18,0.003979659518019014
3,3921,4524.0,18,0.003978779840848806
3,3922,4525.0,18,0.003977900552486188
3,3923,4526.0,18,0.003977021652673442
3,3924,4527.0,18,0.003976143141153081
3,3925,4528.0,18,0.003975265017667844
3,3926,4529.0,18,0.003974387281960698
3,3927,4530.0,18,0.003973509933774834
3,3928,4531.0,18,0.003972632972853675
3,3929,4532.0,18,0.003971756398940865
3,3930,4533.0,18,0.003970880211780278
3,3931,4534.0,18,0.003970004411116012
3,3932,4535.0,18,0.003969128996692392
3,3933,4536.0,18,0.003968253968253968
3,3934,4537.0,18,0.003967379325545515
3,3935,4538.0,18,0.003966505068312032
3,3936,4539.0,18,0.0039656311962987445
3,3937,4540.0,18,0.003964757709251102
3,3938,4541.0,18,0.003963884606914776
3,3939,4542.0,18,0.003963011889035667
3,3940,4543.0,18,0.003962139555359894
3,3941,4544.0,18,0.003961267605633803
3,3942,4545.0,18,0.0039603960396039604
3,3943,4546.0,18,0.003959524857017158
3,3944,4547.0,18,0.003958654057620409
3,3945,4548.0,18,0.00395778364116095
3,3946,4549.0,18,0.003956913607386239
3,3947,4550.0,18,0.003956043956043956
3,3948,4551.0,18,0.003955174686882004
3,3949,4552.0,18,0.003954305799648506
3,3950,4553.0,18,0.003953437294091808
3,3951,4554.0,18,0.003952569169960474
3,3952,4555.0,18,0.003951701427003293
3,3953,4556.0,18,0.003950834064969272
3,3954,4557.0,18,0.003949967083607637
3,3955,4567.0,18,0.003941318151959711
3,3956,4577.0,18,0.003932707013327507
3,3957,4587.0,18,0.003924133420536298
3,3958,4597.0,18,0.003915597128562106
3,3959,4607.0,18,0.003907097894508357
3,3960,4617.0,18,0.003898635477582846
3,3961,4627.0,18,0.0038902096390749947
3,3962,4637.0,18,0.0038818201423334053
3,3963,4647.0,18,0.003873466752743706
3,3964,4657.0,18,0.003865149237706678
3,3965,4667.0,19,0.004071137775873152
3,3966,4677.0,19,0.004062433183664742
3,3967,4687.0,19,0.004053765735011735
3,3968,4697.0,20,0.004258037044922291
3,3969,4707.0,20,0.004248990864669641
3,3970,4717.0,20,0.00423998304006784
3,3971,4727.0,20,0.0042310133276919825
3,3972,4737.0,20,0.004222081486172683
3,3973,4747.0,21,0.004423846639983148
3,3974,4757.0,21,0.004414546983392895
3,3975,4767.0,21,0.004405286343612335
3,3976,4777.0,21,0.004396064475612309
3,3977,4787.0,21,0.004386881136411114
3,3978,4797.0,21,0.004377736085053158
3,3979,4807.0,22,0.004576659038901602
3,3980,4817.0,22,0.004567157982146564
3,3981,4827.0,22,0.0045576962916925624
3,3982,4837.0,23,0.0047550134380814554
3,3983,4847.0,23,0.004745203218485661
3,3984,4857.0,23,0.004735433395099856
3,3985,4867.0,24,0.004931169098006986
3,3986,4877.0,24,0.004921058027475908
3,3987,4887.0,24,0.004910988336402701
3,3988,4897.0,24,0.004900959771288544
3,3989,4907.0,24,0.004890972080701039
3,3990,4917.0,24,0.004881025015253203
3,3991,4927.0,24,0.004871118327582707
3,3992,4937.0,24,0.0048612517723313755
3,3993,4947.0,24,0.004851425106124924
3,3994,4957.0,24,0.004841638087552955
3,3995,4967.0,24,0.004831890477149185
3,3996,4977.0,24,0.004822182037371911
3,3997,4987.0,24,0.00481251253258472
3,3998,4997.0,24,0.004802881729037423
3,3999,5007.0,24,0.004793289394847214
3,4000,5017.0,24,0.004783735299980068
3,4001,5027.0,24,0.004774219216232345
3,4002,5037.0,24,0.004764740917212627
3,4003,5047.0,24,0.0047553001783237564
3,4004,5057.0,25,0.004943642475776152
3,4005,5067.0,26,0.005131241365699625
3,4006,5077.0,27,0.00531810124089029
3,4007,5087.0,28,0.00550422645960291
3,4008,5097.0,28,0.0054934275063763
3,4009,5107.0,28,0.005482670843939691
3,4010,5117.0,28,0.005471956224350205
3,4011,5127.0,29,0.005656329237370782
3,4012,5137.0,29,0.005645318279151256
3,4013,5147.0,29,0.005634350106858364
3,4014,5157.0,29,0.005623424471592011
3,4015,5167.0,29,0.005612541126378943
3,4016,5177.0,29,0.005601699826154143
3,4017,5187.0,29,0.005590900327742433
3,4018,5197.0,29,0.005580142389840293
3,4019,5207.0,29,0.005569425772997887
3,4020,5217.0,29,0.0055587502396013035
3,4021,5227.0,29,0.005548115553854984
3,4022,5237.0,29,0.005537521481764369
3,4023,5247.0,29,0.005526967791118735
3,4024,5257.0,29,0.005516454251474225
3,4025,5267.0,29,0.00550598063413708
3,4026,5277.0,29,0.005495546712147054
3,4027,5287.0,29,0.005485152260261018
3,4028,5297.0,29,0.0054747970549367565
3,4029,5307.0,29,0.00546448087431694
3,4030,5317.0,29,0.005454203498213278
3,4031,5327.0,30,0.005631687629059508
3,4032,5337.0,30,0.005621135469364812
3,4033,5347.0,30,0.005610622779128483
3,4034,5357.0,30,0.005600149337315662
3,4035,5367.0,30,0.005589714924538848
3,4036,5377.0,30,0.0055793193230425885
3,4037,5387.0,30,0.005568962316688323
3,4038,5397.0,30,0.005558643690939411
3,4039,5407.0,30,0.0055483632328463105
3,4040,5417.0,30,0.005538120731031937
3,4041,5427.0,30,0.00552791597567717
3,4042,5437.0,30,0.0055177487585065296
3,4043,5447.0,30,0.005507618872774004
3,4044,5457.0,30,0.005497526113249038
3,4045,5467.0,30,0.0054874702762026705
3,4046,5477.0,30,0.005477451159393828
3,4047,5487.0,30,0.005467468562055768
3,4048,5497.0,30,0.005457522284882663
3,4049,5507.0,30,0.005447612130016342
3,4050,5517.0,31,0.00561899583106761
3,4051,5527.0,31,0.005608829383028768
3,4052,5537.0,31,0.005598699656853892
3,4053,5547.0,31,0.005588606453939066
3,4054,5557.0,31,0.005578549577109951
3,4055,5567.0,31,0.005568528830608946
3,4056,5577.0,31,0.005558544020082482
3,4057,5587.0,32,0.005727581886522284
3,4058,5597.0,32,0.005717348579596212
3,4059,5607.0,32,0.005707151774567505
4,4060,5608.0,32,0.005706134094151213
4,4061,5609.0,32,0.0057051167766090215
4,4062,5610.0,32,0.00570409982174688
4,4063,5611.0,32,0.0057030832293708785
4,4064,5612.0,32,0.005702066999287242
4,4065,5613.0,32,0.005701051131302334
4,4066,5614.0,32,0.0057000356252226575
4,4067,5615.0,32,0.005699020480854853
4,4068,5616.0,32,0.005698005698005698
4,4069,5617.0,32,0.005696991276482108
4,4070,5618.0,32,0.005695977216091136
4,4071,5619.0,32,0.005694963516639971
4,4072,5620.0,32,0.0056939501779359435
4,4073,5621.0,32,0.005692937199786515
4,4074,5622.0,32,0.005691924581999288
4,4075,5623.0,32,0.005690912324382002
4,4076,5624.0,32,0.005689900426742532
4,4077,5625.0,32,0.005688888888888889
4,4078,5626.0,32,0.005687877710629221
4,4079,5627.0,32,0.005686866891771815
4,4080,5628.0,32,0.005685856432125089
4,4081,5629.0,32,0.005684846331497601
4,4082,5630.0,32,0.005683836589698046
4,4083,5631.0,32,0.005682827206535251
4,4084,5632.0,32,0.005681818181818182
4,4085,5633.0,32,0.005680809515355938
4,4086,5634.0,32,0.0056798012069577564
4,4087,5635.0,32,0.005678793256433008
4,4088,5636.0,32,0.0056777856635912
4,4089,5637.0,32,0.005676778428241973
4,4090,5638.0,32,0.005675771550195104
4,4091,5639.0,32,0.005674765029260507
4,4092,5640.0,32,0.005673758865248227
4,4093,5641.0,32,0.005672753057968445
4,4094,5642.0,32,0.005671747607231478
4,4095,5643.0,32,0.005670742512847776
4,4096,5644.0,32,0.005669737774627924
4,4097,5645.0,32,0.00566873339238264
4,4098,5646.0,32,0.005667729365922777
4,4099,5647.0,32,0.0056667256950593235
4,4100,5648.0,32,0.0056657223796034
4,4101,5649.0,32,0.005664719419366259
4,4102,5650.0,32,0.005663716814159292
4,4103,5651.0,32,0.0056627145637940185
4,4104,5652.0,32,0.005661712668082095
4,4105,5653.0,32,0.0056607111268353084
4,4106,5654.0,32,0.005659709939865582
4,4107,5655.0,32,0.005658709106984969
4,4108,5656.0,32,0.005657708628005658
4,4109,5657.0,32,0.0056567085027399685
4,4110,5658.0,32,0.005655708731000354
4,4111,5659.0,32,0.0056547093125993994
4,4112,5660.0,32,0.005653710247349823
4,4113,5661.0,32,0.005652711535064477
4,4114,5662.0,32,0.00565171317555634
4,4115,5663.0,32,0.005650715168638531
4,4116,5664.0,32,0.005649717514124294
4,4117,5665.0,32,0.005648720211827008
4,4118,5666.0,32,0.0056477232615601836
4,4119,5667.0,32,0.005646726663137463
4,4120,5668.0,32,0.0056457304163726185
4,4121,5669.0,32,0.005644734521079556
4,4122,5670.0,32,0.005643738977072311
4,4123,5671.0,32,0.00564274378416505
4,4124,5672.0,32,0.005641748942172073
4,4125,5673.0,32,0.005640754450907809
4,4126,5674.0,32,0.005639760310186817
4,4127,5675.0,32,0.005638766519823789
4,4128,5676.0,32,0.005637773079633545
4,4129,5677.0,32,0.005636779989431038
4,4130,5678.0,32,0.005635787249031349
4,4131,5679.0,32,0.005634794858249692
4,4132,5680.0,32,0.005633802816901409
4,4133,5681.0,32,0.005632811124801971
4,4134,5682.0,32,0.005631819781766983
4,4135,5683.0,32,0.005630828787612177
4,4136,5684.0,32,0.005629838142153413
4,4137,5685.0,32,0.005628847845206684
4,4138,5686.0,32,0.005627857896588111
4,4139,5687.0,32,0.005626868296113944
4,4140,5688.0,32,0.005625879043600563
4,4141,5698.0,32,0.005616005616005616
4,4142,5708.0,32,0.005606166783461808
4,4143,5718.0,32,0.005596362364463099
4,4144,5728.0,32,0.00558659217877095
4,4145,5738.0,32,0.0055768560474032764
4,4146,5748.0,32,0.0055671537926235215
4,4147,5758.0,32,0.0055574852379298365
4,4148,5768.0,32,0.005547850208044383
4,4149,5778.0,32,0.005538248528902735
4,4150,5788.0,33,0.005701451278507256
4,4151,5798.0,33,0.005691617799241117
4,4152,5808.0,33,0.005681818181818182
4,4153,5818.0,33,0.005672052251632863
4,4154,5828.0,33,0.005662319835277968
4,4155,5838.0,33,0.005652620760534429
4,4156,5848.0,33,0.005642954856361149
4,4157,5858.0,33,0.005633321952884944
4,4158,5868.0,33,0.005623721881390593
4,4159,5878.0,33,0.00561415447431099
4,4160,5888.0,34,0.00577445652173913
4,4161,5898.0,34,0.005764665988470668
4,4162,5908.0,34,0.005754908598510494
4,4163,5918.0,34,0.005745184183845894
4,4164,5928.0,34,0.005735492577597841
4,4165,5938.0,34,0.0057258336140114515
4,4166,5948.0,34,0.0057162071284465365
4,4167,5958.0,34,0.005706612957368244
4,4168,5968.0,34,0.005697050938337802
4,4169,5978.0,34,0.005687520910003346
4,4170,5988.0,34,0.0056780227120908485
4,4171,5998.0,34,0.0056685561853951315
4,4172,6008.0,34,0.005659121171770972
4,4173,6018.0,34,0.005649717514124294
4,4174,6028.0,35,0.0058062375580623755
4,4175,6038.0,35,0.005796621397813845
4,4176,6048.0,35,0.005787037037037037
4,4177,6058.0,35,0.005777484318256851
4,4178,6068.0,35,0.005767963085036256
4,4179,6078.0,35,0.0057584731819677526
4,4180,6088.0,35,0.005749014454664914
4,4181,6098.0,35,0.005739586749754018
4,4182,6108.0,36,0.005893909626719057
4,4183,6118.0,36,0.005884275907159202
4,4184,6128.0,36,0.00587467362924282
4,4185,6138.0,37,0.0060280221570544155
4,4186,6148.0,37,0.006018217306441119
4,4187,6158.0,37,0.006008444300097434
4,4188,6168.0,37,0.005998702983138781
4,4189,6178.0,37,0.005988993201683393
4,4190,6188.0,37,0.005979314802844214
4,4191,6198.0,37,0.005969667634720878
4,4192,6208.0,37,0.005960051546391752
4,4193,6218.0,37,0.005950466387906079
4,4194,6228.0,37,0.005940912010276172
4,4195,6238.0,37,0.005931388265469702
4,4196,6248.0,38,0.006081946222791294
4,4197,6258.0,38,0.006072227548737616
4,4198,6268.0,38,0.006062539885130823
4,4199,6278.0,38,0.006052883083784644
4,4200,6288.0,38,0.006043256997455471
4,4201,6298.0,38,0.006033661479834868
4,4202,6308.0,38,0.006024096385542169
4,4203,6318.0,38,0.006014561570117125
4,4204,6328.0,38,0.0060050568900126425
4,4205,6338.0,38,0.005995582202587567
4,4206,6348.0,38,0.0059861373660995585
4,4207,6358.0,38,0.005976722239698019
4,4208,6368.0,38,0.005967336683417085
4,4209,6378.0,38,0.005957980558168705
4,4210,6388.0,38,0.005948653725735754
4,4211,6398.0,38,0.005939356048765239
4,4212,6408.0,38,0.005930087390761548
4,4213,6418.0,38,0.005920847616079776
4,4214,6428.0,38,0.005911636589919104
4,4215,6438.0,38,0.005902454178316247
4,4216,6448.0,38,0.005893300248138958
4,4217,6458.0,38,0.005884174667079591
4,4218,6468.0,38,0.005875077303648732
4,4219,6478.0,39,0.006020376659462797
4,4220,6488.0,39,0.006011097410604192
4,4221,6498.0,39,0.006001846722068329
4,4222,6508.0,39,0.0059926244622003685
4,4223,6518.0,39,0.005983430500153421
4,4224,6528.0,39,0.0059742647058823525
4,4225,6538.0,39,0.005965126950137657
4,4226,6548.0,39,0.005956017104459377
4,4227,6558.0,39,0.005946935041171089
4,4228,6568.0,39,0.0059378806333739344
4,4229,6578.0,39,0.005928853754940711
4,4230,6588.0,39,0.005919854280510018
4,4231,6598.0,39,0.005910882085480448
4,4232,6608.0,39,0.005901937046004843
4,4233,6618.0,39,0.0058930190389845875
4,4234,6628.0,39,0.005884127942063971
4,4235,6638.0,39,0.0058752636336245855
4,4236,6648.0,39,0.0058664259927797835
4,4237,6658.0,39,0.0058576148993691795
4,4238,6668.0,39,0.005848830233953209
4,4239,6678.0,39,0.005840071877807727
4,4240,6688.0,40,0.005980861244019139
4,4241,6698.0,41,0.006121230217975515
4,4242,6708.0,41,0.0061121049493142515
4,4243,6718.0,41,0.006103006847275975
4,4244,6728.0,42,0.00624256837098692
4,4245,6738.0,43,0.006381715642623924
4,4246,6748.0,43,0.0063722584469472435
4,4247,6758.0,43,0.006362829239419947
4,4248,6768.0,43,0.006353427895981087
4,4249,6778.0,43,0.006344054293301859
4,4250,6788.0,43,0.006334708308780201
4,4251,6798.0,43,0.006325389820535452
5,4252,6799.0,43,0.006324459479335197
5,4253,6800.0,43,0.006323529411764706
5,4254,6801.0,43,0.006322599617703279
5,4255,6802.0,43,0.0063216700970302854
5,4256,6803.0,43,0.006320740849625165
5,4257,6804.0,43,0.006319811875367431
5,4258,6805.0,43,0.006318883174136664
5,4259,6806.0,43,0.006317954745812518
5,4260,6807.0,43,0.006317026590274717
5,4261,6808.0,43,0.006316098707403055
5,4262,6809.0,43,0.006315171097077398
5,4263,6810.0,43,0.00631424375917768
5,4264,6811.0,43,0.006313316693583908
5,4265,6812.0,43,0.00631238990017616
5,4266,6813.0,43,0.006311463378834581
5,4267,6814.0,43,0.0063105371294393895
5,4268,6815.0,43,0.006309611151870873
5,4269,6816.0,43,0.00630868544600939
5,4270,6817.0,43,0.006307760011735368
5,4271,6818.0,43,0.006306834848929305
5,4272,6819.0,43,0.0063059099574717704
5,4273,6820.0,43,0.0063049853372434015
5,4274,6821.0,43,0.0063040609881249085
5,4275,6822.0,43,0.006303136909997068
5,4276,6823.0,43,0.00630221310274073
5,4277,6824.0,43,0.006301289566236812
5,4278,6825.0,43,0.0063003663003663
5,4279,6826.0,43,0.006299443305010255
5,4280,6827.0,43,0.006298520580049803
5,4281,6828.0,43,0.006297598125366139
5,4282,6829.0,43,0.006296675940840533
5,4283,6830.0,43,0.0062957540263543195
5,4284,6831.0,43,0.006294832381788904
5,4285,6832.0,43,0.006293911007025761
5,4286,6833.0,43,0.0062929899019464365
5,4287,6834.0,43,0.0062920690664325435
5,4288,6835.0,43,0.006291148500365764
5,4289,6836.0,43,0.0062902282036278526
5,4290,6837.0,43,0.006289308176100629
5,4291,6838.0,43,0.006288388417665984
5,4292,6839.0,43,0.006287468928205878
5,4293,6840.0,43,0.006286549707602339
5,4294,6841.0,43,0.006285630755737465
5,4295,6842.0,43,0.006284712072493423
5,4296,6843.0,43,0.006283793657752448
5,4297,6844.0,43,0.0062828755113968435
5,4298,6845.0,43,0.006281957633308985
5,4299,6855.0,43,0.006272793581327498
5,4300,6865.0,43,0.0062636562272396215
5,4301,6875.0,43,0.0062545454545454545
5,4302,6885.0,43,0.006245461147421931
5,4303,6895.0,43,0.006236403190717912
5,4304,6905.0,43,0.006227371469949312
5,4305,6915.0,43,0.006218365871294288
5,4306,6925.0,43,0.006209386281588448
5,4307,6935.0,43,0.006200432588320115
5,4308,6945.0,43,0.00619150467962563
5,4309,6955.0,43,0.006182602444284687
5,4310,6965.0,43,0.006173725771715721
5,4311,6975.0,43,0.006164874551971326
5,4312,6985.0,43,0.006156048675733715
5,4313,6995.0,43,0.0061472480343102215
5,4314,7005.0,43,0.006138472519628836
5,4315,7015.0,44,0.006272273699215966
5,4316,7025.0,44,0.006263345195729538
5,4317,7035.0,44,0.006254442075337598
5,4318,7045.0,44,0.0062455642299503195
5,4319,7055.0,44,0.006236711552090716
5,4320,7065.0,44,0.006227883934890304
5,4321,7075.0,44,0.006219081272084806
5,4322,7085.0,44,0.00621030345800988
5,4323,7095.0,44,0.006201550387596899
5,4324,7105.0,44,0.006192821956368754
5,4325,7115.0,44,0.0061841180604357
5,4326,7125.0,44,0.006175438596491228
5,4327,7135.0,44,0.006166783461807989
5,4328,7145.0,44,0.00615815255423373
5,4329,7155.0,44,0.006149545772187281
5,4330,7165.0,44,0.006140963014654571
5,4331,7175.0,44,0.006132404181184669
5,4332,7185.0,44,0.006123869171885873
5,4333,7195.0,44,0.006115357887421821
5,4334,7205.0,44,0.0061068702290076335
5,4335,7215.0,44,0.006098406098406098
5,4336,7225.0,44,0.006089965397923875
5,4337,7235.0,44,0.0060815480304077406
5,4338,7245.0,44,0.006073153899240856
5,4339,7255.0,44,0.006064782908339076
5,4340,7265.0,44,0.006056434962147281
5,4341,7275.0,44,0.006048109965635739
5,4342,7285.0,44,0.0060398078242964994
5,4343,7295.0,44,0.006031528444139822
5,4344,7305.0,44,0.006023271731690623
5,4345,7315.0,44,0.006015037593984963
5,4346,7325.0,44,0.006006825938566553
5,4347,7335.0,44,0.005998636673483299
5,4348,7345.0,44,0.005990469707283867
5,4349,7355.0,44,0.005982324949014276
5,4350,7365.0,44,0.005974202308214528
5,4351,7375.0,44,0.005966101694915254
5,4352,7385.0,44,0.005958023019634394
5,4353,7395.0,44,0.005949966193373901
5,4354,7405.0,44,0.005941931127616476
5,4355,7415.0,44,0.0059339177343223195
5,4356,7425.0,44,0.005925925925925926
5,4357,7435.0,44,0.005917955615332885
5,4358,7445.0,44,0.005910006715916722
5,4359,7455.0,44,0.005902079141515761
5,4360,7465.0,44,0.005894172806430007
5,4361,7475.0,44,0.00588628762541806
5,4362,7485.0,44,0.005878423513694055
5,4363,7495.0,44,0.005870580386924617
5,4364,7505.0,44,0.0058627581612258495
5,4365,7515.0,44,0.005854956753160346
5,4366,7525.0,44,0.005847176079734219
5,4367,7535.0,44,0.00583941605839416
5,4368,7545.0,44,0.005831676607024519
5,4369,7555.0,44,0.005823957643944408
5,4370,7565.0,45,0.005948446794448116
5,4371,7575.0,45,0.005940594059405941
5,4372,7585.0,45,0.005932762030323006
5,4373,7595.0,45,0.005924950625411455
5,4374,7605.0,45,0.005917159763313609
5,4375,7615.0,45,0.005909389363099146
5,4376,7625.0,46,0.006032786885245902
5,4377,7635.0,46,0.006024885396201702
5,4378,7645.0,46,0.006017004578155657
5,4379,7655.0,46,0.006009144350097975
5,4380,7665.0,46,0.006001304631441618
5,4381,7675.0,47,0.006123778501628665
5,4382,7685.0,47,0.006115810019518542
5,4383,7695.0,47,0.006107862248213126
5,4384,7705.0,47,0.006099935107073329
5,4385,7715.0,47,0.00609202851587816
5,4386,7725.0,47,0.0060841423948220065
5,4387,7735.0,47,0.006076276664511959
5,4388,7745.0,47,0.006068431245965139
5,4389,7755.0,47,0.006060606060606061
5,4390,7765.0,47,0.006052801030264005
5,4391,7775.0,47,0.006045016077170418
5,4392,7785.0,47,0.0060372511239563265
5,4393,7795.0,47,0.006029506093649776
5,4394,7805.0,47,0.006021780909673286
5,4395,7815.0,47,0.0060140754958413305
5,4396,7825.0,47,0.006006389776357828
5,4397,7835.0,47,0.005998723675813657
5,4398,7845.0,47,0.005991077119184194
5,4399,7855.0,47,0.005983450031826862
5,4400,7865.0,47,0.005975842339478703
5,4401,7875.0,47,0.005968253968253968
5,4402,7885.0,47,0.0059606848446417246
5,4403,7895.0,47,0.0059531348955034835
5,4404,7905.0,47,0.005945604048070841
5,4405,7915.0,47,0.005938092229943146
5,4406,7925.0,47,0.005930599369085174
5,4407,7935.0,48,0.0060491493383742915
5,4408,7945.0,48,0.006041535556954059
5,4409,7955.0,49,0.006159648020113136
5,4410,7965.0,49,0.006151914626490898
5,4411,7975.0,49,0.006144200626959247
5,4412,7985.0,49,0.0061365059486537255
6,4413,7986.0,49,0.006135737540696218
6,4414,7987.0,49,0.006134969325153374
6,4415,7988.0,49,0.006134201301952929
6,4416,7989.0,49,0.006133433471022656
6,4417,7990.0,49,0.006132665832290363
6,4418,7991.0,49,0.006131898385683895
6,4419,7992.0,49,0.006131131131131131
6,4420,7993.0,49,0.00613036406855999
6,4421,7994.0,49,0.006129597197898424
6,4422,7995.0,49,0.0061288305190744215
6,4423,7996.0,49,0.006128064032016008
6,4424,7997.0,49,0.006127297736651245
6,4425,7998.0,49,0.006126531632908227
6,4426,7999.0,49,0.006125765720715089
6,4427,8000.0,49,0.006125
6,4428,8001.0,49,0.006124234470691163
6,4429,8002.0,49,0.0061234691327168205
6,4430,8003.0,49,0.006122703986005248
6,4431,8004.0,49,0.006121939030484758
6,4432,8005.0,49,0.006121174266083698
6,4433,8006.0,49,0.006120409692730452
6,4434,8007.0,49,0.006119645310353441
6,4435,8008.0,49,0.006118881118881119
6,4436,8009.0,49,0.006118117118241978
6,4437,8010.0,49,0.006117353308364545
6,4438,8011.0,49,0.006116589689177381
6,4439,8012.0,49,0.006115826260609086
6,4440,8013.0,49,0.006115063022588294
6,4441,8023.0,49,0.006107441106817898
6,4442,8033.0,49,0.00609983816755882
6,4443,8043.0,49,0.006092254134029591
6,4444,8053.0,49,0.006084688935800323
6,4445,8063.0,49,0.006077142502790524
6,4446,8073.0,49,0.006069614765266939
6,4447,8083.0,49,0.006062105653841396
6,4448,8093.0,49,0.0060546150994686765
6,4449,8103.0,49,0.006047143033444403
6,4450,8113.0,49,0.0060396893874029335
6,4451,8123.0,49,0.006032254093315277
6,4452,8133.0,49,0.006024837083487028
6,4453,8143.0,49,0.006017438290556306
6,4454,8153.0,49,0.006010057647491721
6,4455,8163.0,50,0.006125199068969742
6,4456,8173.0,50,0.006117704637220115
6,4457,8183.0,50,0.006110228522546743
6,4458,8193.0,50,0.006102770657878677
6,4459,8203.0,50,0.0060953309764720225
6,4460,8213.0,50,0.006087909411907951
6,4461,8223.0,50,0.0060805058980907215
6,4462,8233.0,50,0.006073120369245719
6,4463,8243.0,50,0.006065752759917505
6,4464,8253.0,50,0.00605840300496789
6,4465,8263.0,50,0.0060510710395740045
6,4466,8273.0,50,0.006043756799226399
6,4467,8283.0,50,0.006036460219727152
6,4468,8293.0,50,0.0060291812371879895
6,4469,8303.0,50,0.0060219197880284235
6,4470,8313.0,50,0.006014675808973896
6,4471,8323.0,50,0.0060074492370539466
6,4472,8333.0,50,0.006000240009600384
6,4473,8343.0,50,0.005993048064245475
6,4474,8353.0,50,0.005985873338920148
6,4475,8363.0,50,0.005978715771852206
6,4476,8373.0,50,0.005971575301564553
6,4477,8383.0,50,0.005964451866873434
6,4478,8393.0,50,0.005957345406886691
6,4479,8403.0,50,0.005950255861002023
6,4480,8413.0,50,0.005943183168905266
6,4481,8423.0,50,0.005936127270568681
6,4482,8433.0,50,0.005929088106249259
6,4483,8443.0,50,0.0059220656164870305
6,4484,8453.0,50,0.0059150597421033955
6,4485,8463.0,50,0.0059080704241994565
6,4486,8473.0,50,0.0059010976041543725
6,4487,8483.0,50,0.005894141223623718
6,4488,8493.0,50,0.005887201224537854
6,4489,8503.0,50,0.005880277549100318
6,4490,8513.0,50,0.00587337013978621
6,4491,8523.0,50,0.0058664789393406075
6,4492,8533.0,50,0.005859603890776983
6,4493,8543.0,50,0.005852744937375629
6,4494,8553.0,50,0.0058459020226821
6,4495,8563.0,50,0.005839075090505664
6,4496,8573.0,50,0.005832264084917765
6,4497,8583.0,50,0.005825468950250495
6,4498,8593.0,50,0.005818689631095077
6,4499,8603.0,50,0.00581192607230036
6,4500,8613.0,50,0.005805178218971322
6,4501,8623.0,50,0.0057984460164675865
6,4502,8633.0,50,0.005791729410401946
6,4503,8643.0,50,0.005785028346638898
6,4504,8653.0,50,0.005778342771293193
6,4505,8663.0,50,0.005771672630728385
6,4506,8673.0,50,0.0057650178715554015
6,4507,8683.0,50,0.005758378440631118
6,4508,8693.0,50,0.005751754285056942
6,4509,8703.0,50,0.00574514535217741
6,4510,8713.0,50,0.00573855158957879
6,4511,8723.0,50,0.005731972945087699
6,4512,8733.0,51,0.005839917554105119
6,4513,8743.0,51,0.005833238018986618
6,4514,8753.0,51,0.005826573746144179
6,4515,8763.0,51,0.005819924683327628
6,4516,8773.0,51,0.00581329077852502
6,4517,8783.0,52,0.005920528293293864
6,4518,8793.0,52,0.0059137950642556576
6,4519,8803.0,52,0.0059070771327956375
6,4520,8813.0,52,0.005900374446839896
6,4521,8823.0,52,0.0058936869545506065
6,4522,8833.0,52,0.005887014604324691
6,4523,8843.0,52,0.0058803573447924916
6,4524,8853.0,52,0.005873715124816446
6,4525,8863.0,52,0.005867087893489789
6,4526,8873.0,52,0.005860475600135241
6,4527,8883.0,52,0.005853878194303727
6,4528,8893.0,52,0.00584729562577308
6,4529,8903.0,52,0.005840727844546782
6,4530,8913.0,52,0.005834174800852687
6,4531,8923.0,52,0.005827636445141769
6,4532,8933.0,52,0.005821112728086869
6,4533,8943.0,52,0.00581460360058146
6,4534,8953.0,52,0.005808109013738412
6,4535,8963.0,52,0.005801628918888765
6,4536,8973.0,52,0.005795163267580519
6,4537,8983.0,52,0.005788712011577424
6,4538,8993.0,52,0.005782275102857779
6,4539,9003.0,52,0.00577585249361324
6,4540,9013.0,52,0.005769444136247642
6,4541,9023.0,52,0.0057630499833758175
6,4542,9033.0,52,0.005756669987822429
6,4543,9043.0,52,0.0057503041026208115
6,4544,9053.0,52,0.005743952281011819
6,4545,9063.0,52,0.005737614476442679
6,4546,9073.0,52,0.005731290642565855
6,4547,9083.0,52,0.005724980733237917
6,4548,9093.0,52,0.005718684702518421
6,4549,9103.0,52,0.00571240250466879
6,4550,9113.0,53,0.005815867442115659
6,4551,9123.0,53,0.005809492491504987
6,4552,9133.0,53,0.005803131501149677
6,4553,9143.0,53,0.005796784425243355
6,4554,9153.0,53,0.005790451218179832
6,4555,9163.0,53,0.005784131834552003
6,4556,9173.0,53,0.0057778262291507685
7,4557,9174.0,53,0.005777196424678439
7,4558,9175.0,53,0.005776566757493188
7,4559,9176.0,53,0.005775937227550131
7,4560,9177.0,53,0.005775307834804402
7,4561,9178.0,53,0.0057746785792111574
7,4562,9179.0,53,0.0057740494607255695
7,4563,9180.0,53,0.005773420479302832
7,4564,9181.0,53,0.005772791634898159
7,4565,9182.0,53,0.005772162927466783
7,4566,9183.0,53,0.005771534356963955
7,4567,9184.0,53,0.005770905923344948
7,4568,9185.0,53,0.0057702776265650515
7,4569,9186.0,53,0.005769649466579578
7,4570,9187.0,53,0.005769021443343856
7,4571,9188.0,53,0.0057683935568132345
7,4572,9189.0,53,0.005767765806943084
7,4573,9190.0,53,0.005767138193688792
7,4574,9191.0,53,0.005766510717005766
7,4575,9192.0,53,0.005765883376849434
7,4576,9193.0,53,0.005765256173175242
7,4577,9194.0,53,0.005764629105938656
7,4578,9195.0,53,0.0057640021750951604
7,4579,9196.0,53,0.005763375380600261
7,4580,9197.0,53,0.005762748722409481
7,4581,9198.0,53,0.0057621222004783645
7,4582,9199.0,53,0.005761495814762474
7,4583,9200.0,53,0.005760869565217391
7,4584,9201.0,53,0.005760243451798717
7,4585,9202.0,53,0.005759617474462074
7,4586,9203.0,53,0.005758991633163099
7,4587,9213.0,53,0.005752740692499729
7,4588,9223.0,53,0.005746503306950017
7,4589,9233.0,53,0.0057402794324704865
7,4590,9243.0,53,0.005734069025208266
7,4591,9253.0,53,0.005727872041500054
7,4592,9263.0,54,0.005829644823491309
7,4593,9273.0,54,0.005823358136525397
7,4594,9283.0,54,0.005817084994075191
7,4595,9293.0,54,0.0058108253524157966
7,4596,9303.0,54,0.005804579168010319
7,4597,9313.0,54,0.0057983463975088585
7,4598,9323.0,54,0.005792126997747506
7,4599,9333.0,54,0.0057859209257473485
7,4600,9343.0,54,0.005779728138713475
7,4601,9353.0,54,0.005773548594034
7,4602,9363.0,54,0.005767382249279077
7,4603,9373.0,54,0.005761229062199936
7,4604,9383.0,54,0.005755088990727912
7,4605,9393.0,54,0.005748961992973491
7,4606,9403.0,54,0.005742848027225354
7,4607,9413.0,54,0.005736747051949431
7,4608,9423.0,54,0.0057306590257879654
7,4609,9433.0,54,0.005724583907558571
7,4610,9443.0,54,0.005718521656253309
7,4611,9453.0,54,0.005712472231037766
7,4612,9463.0,54,0.005706435591250132
7,4613,9473.0,54,0.005700411696400296
7,4614,9483.0,54,0.005694400506168934
7,4615,9493.0,54,0.005688401980406615
7,4616,9503.0,54,0.005682416079132905
7,4617,9513.0,54,0.005676442762535478
7,4618,9523.0,54,0.005670481990969233
7,4619,9533.0,54,0.005664533724955418
7,4620,9543.0,54,0.005658597925180761
7,4621,9553.0,54,0.005652674552496598
7,4622,9563.0,54,0.005646763567918017
7,4623,9573.0,54,0.005640864932623002
7,4624,9583.0,54,0.005634978607951581
7,4625,9593.0,54,0.005629104555404983
7,4626,9603.0,54,0.005623242736644799
7,4627,9613.0,54,0.005617393113492146
7,4628,9623.0,54,0.005611555647926842
7,4629,9633.0,54,0.005605730302086578
7,4630,9643.0,54,0.0055999170382661
7,4631,9653.0,54,0.005594115818916399
7,4632,9663.0,54,0.005588326606643899
7,4633,9673.0,54,0.0055825493642096555
7,4634,9683.0,54,0.005576784054528555
7,4635,9693.0,54,0.005571030640668524
7,4636,9703.0,54,0.005565289085849737
7,4637,9713.0,54,0.005559559353443838
7,4638,9723.0,54,0.005553841406973156
7,4639,9733.0,54,0.005548135210109936
7,4640,9743.0,54,0.005542440726675562
7,4641,9753.0,54,0.005536757920639803
7,4642,9763.0,54,0.005531086756120045
7,4643,9773.0,54,0.005525427197380538
7,4644,9783.0,54,0.005519779208831647
7,4645,9793.0,54,0.005514142755029102
7,4646,9803.0,55,0.00561052738957462
7,4647,9813.0,55,0.005604809945990013
7,4648,9823.0,55,0.005599104143337066
7,4649,9833.0,56,0.005695108308756229
7,4650,9843.0,56,0.00568932236106878
7,4651,9853.0,56,0.005683548157921445
7,4652,9863.0,56,0.0056777856635912
7,4653,9873.0,56,0.0056720348424997465
7,4654,9883.0,56,0.005666295659212789
7,4655,9893.0,56,0.0056605680784393006
7,4656,9903.0,56,0.005654852065030799
7,4657,9913.0,56,0.005649147583980631
7,4658,9923.0,56,0.005643454600423259
7,4659,9933.0,57,0.005738447598912715
7,4660,9943.0,57,0.005732676254651513
7,4661,9953.0,57,0.005726916507585653
7,4662,9963.0,57,0.0057211683227943394
7,4663,9973.0,57,0.005715431665496842
7,4664,9983.0,57,0.005709706501051788
7,4665,9993.0,57,0.005703992794956469
7,4666,10003.0,57,0.005698290512846147
7,4667,10013.0,57,0.0056925996204933585
7,4668,10023.0,57,0.005686920083807243
7,4669,10033.0,57,0.005681251868832851
7,4670,10043.0,57,0.005675594941750473
7,4671,10053.0,57,0.005669949268874963
7,4672,10063.0,57,0.005664314816655073
7,4673,10073.0,57,0.005658691551672789
7,4674,10083.0,57,0.005653079440642666
7,4675,10093.0,58,0.005746557019716636
7,4676,10103.0,58,0.005740869048797387
7,4677,10113.0,58,0.005735192326708197
7,4678,10123.0,58,0.0057295268201126145
7,4679,10133.0,58,0.005723872495805783
7,4680,10143.0,58,0.005718229320713792
7,4681,10153.0,58,0.005712597261893037
7,4682,10163.0,59,0.005805372429400767
7,4683,10173.0,59,0.005799665781971886
7,4684,10183.0,59,0.005793970342728076
7,4685,10193.0,59,0.005788286078681448
7,4686,10203.0,59,0.005782612956973439
7,4687,10213.0,59,0.00577695094487418
7,4688,10223.0,59,0.005771300009781865
7,4689,10233.0,59,0.005765660119222124
7,4690,10243.0,59,0.005760031240847408
7,4691,10253.0,60,0.0058519457719691794
7,4692,10263.0,60,0.005846243788365975
7,4693,10273.0,60,0.00584055290567507
7,4694,10283.0,60,0.005834873091510259
7,4695,10293.0,60,0.005829204313611192
7,4696,10303.0,60,0.005823546539842764
7,4697,10313.0,60,0.005817899738194512
7,4698,10323.0,60,0.005812263876780006
7,4699,10333.0,60,0.0058066389238362525
7,4700,10343.0,60,0.0058010248477230976
7,4701,10353.0,60,0.005795421616922631
8,4702,10354.0,60,0.005794861889124976
8,4703,10355.0,60,0.005794302269435055
8,4704,10356.0,60,0.005793742757821553
8,4705,10357.0,60,0.005793183354253162
8,4706,10358.0,60,0.005792624058698591
8,4707,10359.0,60,0.005792064871126557
8,4708,10360.0,60,0.005791505791505791
8,4709,10361.0,60,0.005790946819805038
8,4710,10362.0,60,0.005790387955993051
8,4711,10363.0,60,0.005789829200038599
8,4712,10364.0,60,0.005789270551910459
8,4713,10365.0,60,0.005788712011577424
8,4714,10366.0,60,0.005788153579008296
8,4715,10367.0,60,0.005787595254171891
8,4716,10368.0,60,0.005787037037037037
8,4717,10369.0,60,0.005786478927572572
8,4718,10370.0,60,0.0057859209257473485
8,4719,10380.0,60,0.005780346820809248
8,4720,10390.0,60,0.005774783445620789
8,4721,10400.0,60,0.0057692307692307696
8,4722,10410.0,60,0.005763688760806916
8,4723,10420.0,60,0.005758157389635317
8,4724,10430.0,60,0.005752636625119847
8,4725,10440.0,60,0.005747126436781609
8,4726,10450.0,60,0.005741626794258373
8,4727,10460.0,60,0.0057361376673040155
8,4728,10470.0,60,0.0057306590257879654
8,4729,10480.0,60,0.0057251908396946565
8,4730,10490.0,60,0.005719733079122974
8,4731,10500.0,60,0.005714285714285714
8,4732,10510.0,60,0.005708848715509039
8,4733,10520.0,60,0.005703422053231939
8,4734,10530.0,60,0.005698005698005698
8,4735,10540.0,60,0.0056925996204933585
8,4736,10550.0,60,0.005687203791469194
8,4737,10560.0,60,0.005681818181818182
8,4738,10570.0,60,0.005676442762535478
8,4739,10580.0,60,0.005671077504725898
8,4740,10590.0,60,0.0056657223796034
8,4741,10600.0,60,0.005660377358490566
8,4742,10610.0,60,0.005655042412818096
8,4743,10620.0,60,0.005649717514124294
8,4744,10630.0,60,0.005644402634054563
8,4745,10640.0,60,0.005639097744360902
8,4746,10650.0,60,0.005633802816901409
8,4747,10660.0,60,0.005628517823639775
8,4748,10670.0,61,0.005716963448922212
8,4749,10680.0,61,0.0057116104868913855
8,4750,10690.0,61,0.005706267539756782
8,4751,10700.0,61,0.005700934579439252
8,4752,10710.0,61,0.005695611577964519
8,4753,10720.0,61,0.005690298507462686
8,4754,10730.0,61,0.005684995340167754
8,4755,10740.0,61,0.005679702048417132
8,4756,10750.0,61,0.005674418604651163
8,4757,10760.0,61,0.00566914498141264
8,4758,10770.0,61,0.005663881151346332
8,4759,10780.0,61,0.005658627087198516
8,4760,10790.0,61,0.005653382761816496
8,4761,10800.0,61,0.005648148148148148
8,4762,10810.0,61,0.005642923219241443
8,4763,10820.0,61,0.0056377079482439925
8,4764,10830.0,61,0.005632502308402586
8,4765,10840.0,61,0.005627306273062731
8,4766,10850.0,61,0.005622119815668203
8,4767,10860.0,61,0.0056169429097605895
8,4768,10870.0,61,0.005611775528978841
8,4769,10880.0,61,0.0056066176470588236
8,4770,10890.0,61,0.0056014692378328745
8,4771,10900.0,61,0.005596330275229358
8,4772,10910.0,61,0.005591200733272227
8,4773,10920.0,61,0.005586080586080586
8,4774,10930.0,61,0.005580969807868252
8,4775,10940.0,61,0.005575868372943328
8,4776,10950.0,61,0.005570776255707763
8,4777,10960.0,61,0.005565693430656935
8,4778,10970.0,61,0.005560619872379216
8,4779,10980.0,61,0.005555555555555556
8,4780,10990.0,61,0.005550500454959054
8,4781,11000.0,61,0.005545454545454545
8,4782,11010.0,61,0.005540417801998184
8,4783,11020.0,61,0.005535390199637023
8,4784,11030.0,61,0.0055303717135086125
8,4785,11040.0,61,0.00552536231884058
8,4786,11050.0,61,0.005520361990950226
8,4787,11060.0,61,0.005515370705244123
8,4788,11070.0,61,0.005510388437217705
8,4789,11080.0,61,0.005505415162454874
8,4790,11090.0,61,0.005500450856627592
8,4791,11100.0,61,0.005495495495495496
8,4792,11110.0,61,0.005490549054905491
8,4793,11120.0,61,0.005485611510791367
8,4794,11130.0,61,0.005480682839173405
8,4795,11140.0,61,0.005475763016157989
8,4796,11150.0,61,0.005470852017937219
8,4797,11160.0,61,0.00546594982078853
8,4798,11170.0,61,0.005461056401074306
8,4799,11180.0,61,0.005456171735241502
8,4800,11190.0,61,0.005451295799821269
8,4801,11200.0,61,0.005446428571428572
8,4802,11210.0,61,0.00544157002676182
8,4803,11220.0,61,0.005436720142602496
8,4804,11230.0,61,0.005431878895814782
8,4805,11240.0,61,0.005427046263345196
8,4806,11250.0,61,0.005422222222222222
8,4807,11260.0,61,0.00541740674955595
8,4808,11270.0,61,0.00541259982253771
8,4809,11280.0,61,0.005407801418439716
8,4810,11290.0,61,0.005403011514614703
8,4811,11300.0,61,0.005398230088495575
8,4812,11310.0,61,0.005393457117595048
8,4813,11320.0,61,0.0053886925795053
8,4814,11330.0,61,0.005383936451897617
8,4815,11340.0,62,0.005467372134038801
8,4816,11350.0,62,0.005462555066079295
8,4817,11360.0,62,0.005457746478873239
8,4818,11370.0,62,0.005452946350043976
8,4819,11380.0,63,0.005536028119507909
8,4820,11390.0,63,0.00553116769095698
8,4821,11400.0,63,0.005526315789473684
8,4822,11410.0,63,0.005521472392638037
8,4823,11420.0,63,0.005516637478108582
8,4824,11430.0,63,0.005511811023622047
8,4825,11440.0,63,0.005506993006993007
8,4826,11450.0,63,0.005502183406113537
8,4827,11460.0,63,0.00549738219895288
8,4828,11470.0,63,0.005492589363557105
8,4829,11480.0,63,0.00548780487804878
8,4830,11490.0,63,0.005483028720626632
8,4831,11500.0,63,0.005478260869565217
8,4832,11510.0,63,0.005473501303214596
8,4833,11520.0,63,0.00546875
8,4834,11530.0,63,0.005464006938421509
9,4835,11531.0,63,0.005463533084728124
9,4836,11532.0,63,0.005463059313215401
9,4837,11533.0,63,0.005462585623861961
9,4838,11534.0,63,0.005462112016646437
9,4839,11535.0,63,0.005461638491547465
9,4840,11536.0,63,0.0054611650485436895
9,4841,11537.0,63,0.005460691687613765
9,4842,11538.0,63,0.00546021840873635
9,4843,11539.0,63,0.005459745211890112
9,4844,11540.0,63,0.005459272097053726
9,4845,11541.0,63,0.005458799064205874
9,4846,11542.0,63,0.005458326113325247
9,4847,11552.0,63,0.005453601108033241
9,4848,11562.0,63,0.005448884276076803
9,4849,11572.0,63,0.005444175596266851
9,4850,11582.0,63,0.005439475047487481
9,4851,11592.0,63,0.005434782608695652
9,4852,11602.0,63,0.005430098258920876
9,4853,11612.0,63,0.005425421977264898
9,4854,11622.0,63,0.0054207537429013936
9,4855,11632.0,63,0.005416093535075653
9,4856,11642.0,63,0.005411441333104278
9,4857,11652.0,63,0.005406797116374871
9,4858,11662.0,63,0.005402160864345739
9,4859,11672.0,63,0.005397532556545579
9,4860,11682.0,63,0.00539291217257319
9,4861,11692.0,63,0.005388299692097161
9,4862,11702.0,63,0.00538369509485558
9,4863,11712.0,63,0.005379098360655738
9,4864,11722.0,63,0.005374509469373827
9,4865,11732.0,63,0.0053699284009546535
9,4866,11742.0,63,0.005365355135411344
9,4867,11752.0,63,0.005360789652825051
9,4868,11762.0,63,0.005356231933344669
9,4869,11772.0,63,0.005351681957186544
9,4870,11782.0,63,0.005347139704634188
9,4871,11792.0,63,0.005342605156037992
9,4872,11802.0,63,0.005338078291814947
9,4873,11812.0,63,0.005333559092448358
9,4874,11822.0,63,0.005329047538487565
9,4875,11832.0,63,0.005324543610547667
9,4876,11842.0,63,0.0053200472893092385
9,4877,11852.0,63,0.005315558555518056
9,4878,11862.0,63,0.005311077389984826
9,4879,11872.0,63,0.005306603773584905
9,4880,11882.0,63,0.005302137687258037
9,4881,11892.0,63,0.0052976791120080725
9,4882,11902.0,63,0.005293228028902705
9,4883,11912.0,63,0.005288784419073204
9,4884,11922.0,63,0.005284348263714142
9,4885,11932.0,63,0.005279919544083138
9,4886,11942.0,63,0.005275498241500586
9,4887,11952.0,63,0.005271084337349397
9,4888,11962.0,63,0.005266677813074737
9,4889,11972.0,63,0.005262278650183762
9,4890,11982.0,63,0.005257886830245368
9,4891,11992.0,63,0.005253502334889927
9,4892,12002.0,63,0.005249125145809032
9,4893,12012.0,63,0.005244755244755245
9,4894,12022.0,63,0.00524039261354184
9,4895,12032.0,63,0.005236037234042553
9,4896,12042.0,63,0.00523168908819133
9,4897,12052.0,63,0.005227348157982078
9,4898,12062.0,63,0.005223014425468413
9,4899,12072.0,63,0.005218687872763419
9,4900,12082.0,63,0.005214368482039398
9,4901,12092.0,63,0.005210056235527622
9,4902,12102.0,63,0.005205751115518097
9,4903,12112.0,63,0.005201453104359313
9,4904,12122.0,63,0.0051971621844580105
9,4905,12132.0,63,0.0051928783382789315
9,4906,12142.0,63,0.005188601548344589
9,4907,12152.0,63,0.005184331797235023
9,4908,12162.0,63,0.005180069067587568
9,4909,12172.0,63,0.005175813342096615
9,4910,12182.0,63,0.005171564603513381
9,4911,12192.0,63,0.00516732283464567
9,4912,12202.0,63,0.005163088018357647
9,4913,12212.0,63,0.005158860137569604
9,4914,12222.0,63,0.005154639175257732
9,4915,12232.0,63,0.005150425114453892
9,4916,12242.0,63,0.005146217938245385
9,4917,12252.0,63,0.00514201762977473
9,4918,12262.0,64,0.0052193769368781605
9,4919,12272.0,64,0.005215123859191656
9,4920,12282.0,64,0.005210877707213809
9,4921,12292.0,64,0.005206638464041653
9,4922,12302.0,64,0.005202406112827182
9,4923,12312.0,64,0.005198180636777128
9,4924,12322.0,64,0.005193962019152735
9,4925,12332.0,64,0.0051897502432695424
9,4926,12342.0,64,0.005185545292497164
9,4927,12352.0,64,0.0051813471502590676
9,4928,12362.0,64,0.005177155800032357
9,4929,12372.0,64,0.005172971225347559
9,4930,12382.0,65,0.005249555806816347
9,4931,12392.0,65,0.005245319561007101
9,4932,12402.0,65,0.005241090146750524
9,4933,12412.0,65,0.005236867547534644
9,4934,12422.0,65,0.00523265174690066
9,4935,12432.0,65,0.005228442728442729
9,4936,12442.0,65,0.005224240475807748
9,4937,12452.0,65,0.005220044972695149
9,4938,12462.0,65,0.005215856202856684
9,4939,12472.0,65,0.005211674150096215
9,4940,12482.0,65,0.005207498798269508
9,4941,12492.0,65,0.005203330131284022
9,4942,12502.0,66,0.005279155335146377
9,4943,12512.0,66,0.005274936061381074
9,4944,12522.0,66,0.005270723526593196
9,4945,12532.0,66,0.005266517714650495
9,4946,12542.0,66,0.0052623186094721735
9,4947,12552.0,66,0.005258126195028681
9,4948,12562.0,66,0.005253940455341506
9,4949,12572.0,66,0.005249761374482978
9,4950,12582.0,66,0.005245588936576061
9,4951,12592.0,66,0.005241423125794155
9,4952,12602.0,66,0.005237263926360895
9,4953,12612.0,66,0.005233111322549952
9,4954,12622.0,66,0.005228965298684836
9,4955,12632.0,66,0.005224825839138695
9,4956,12642.0,66,0.005220692928334125
9,4957,12652.0,66,0.005216566550742966
9,4958,12662.0,66,0.005212446690886116
9,4959,12672.0,66,0.005208333333333333
9,4960,12682.0,66,0.005204226462703044
9,4961,12692.0,66,0.0052001260636621496
9,4962,12702.0,66,0.0051960321209258385
9,4963,12712.0,66,0.005191944619257395
10,4964,12713.0,66,0.0051915362227641
10,4965,12714.0,66,0.005191127890514393
10,4966,12715.0,66,0.005190719622493119
10,4967,12716.0,66,0.005190311418685121
10,4968,12717.0,66,0.005189903279075253
10,4969,12718.0,66,0.005189495203648372
10,4970,12719.0,66,0.005189087192389339
10,4971,12729.0,66,0.005185010605703512
10,4972,12739.0,66,0.005180940419185179
10,4973,12749.0,66,0.005176876617773943
10,4974,12759.0,66,0.005172819186456619
10,4975,12769.0,66,0.005168768110267053
10,4976,12779.0,66,0.005164723374285938
10,4977,12789.0,66,0.005160684963640629
10,4978,12799.0,66,0.005156652863504961
10,4979,12809.0,66,0.005152627059099071
10,4980,12819.0,66,0.005148607535689211
10,4981,12829.0,66,0.005144594278587575
10,4982,12839.0,66,0.005140587273152115
10,4983,12849.0,66,0.005136586504786365
10,4984,12859.0,66,0.0051325919589392645
10,4985,12869.0,66,0.005128603621104981
10,4986,12879.0,66,0.005124621476822734
10,4987,12889.0,66,0.005120645511676624
10,4988,12899.0,66,0.005116675711295449
10,4989,12909.0,66,0.005112712061352545
10,4990,12919.0,66,0.0051087545475656014
10,4991,12929.0,66,0.005104803155696496
10,4992,12939.0,66,0.005100857871551124
10,4993,12949.0,66,0.005096918680979226
10,4994,12959.0,66,0.0050929855698742185
10,4995,12969.0,66,0.005089058524173028
10,4996,12979.0,66,0.005085137529855921
10,4997,12989.0,66,0.0050812225729463395
10,4998,12999.0,66,0.005077313639510732
10,4999,13009.0,66,0.005073410715658391
10,5000,13019.0,66,0.005069513787541286
10,5001,13029.0,66,0.005065622841353903
10,5002,13039.0,66,0.005061737863333078
10,5003,13049.0,66,0.0050578588397578355
10,5004,13059.0,66,0.00505398575694923
10,5005,13069.0,66,0.005050118601270181
10,5006,13079.0,66,0.005046257359125316
10,5007,13089.0,66,0.0050424020169608065
10,5008,13099.0,66,0.005038552561264218
10,5009,13109.0,66,0.005034708978564345
10,5010,13119.0,66,0.005030871255431054
10,5011,13129.0,66,0.005027039378475131
10,5012,13139.0,66,0.005023213334348124
10,5013,13149.0,66,0.005019393109742185
10,5014,13159.0,66,0.005015578691389923
10,5015,13169.0,66,0.005011770066064242
10,5016,13179.0,66,0.005007967220578192
10,5017,13189.0,66,0.0050041701417848205
10,5018,13199.0,66,0.005000378816577013
10,5019,13209.0,66,0.004996593231887349
10,5020,13219.0,66,0.0049928133746879495
10,5021,13229.0,66,0.004989039231990324
10,5022,13239.0,66,0.00498527079084523
10,5023,13249.0,66,0.004981508038342517
10,5024,13259.0,66,0.004977750961610981
10,5025,13269.0,66,0.004973999547818223
10,5026,13279.0,66,0.004970253784170495
10,5027,13289.0,66,0.004966513657912559
10,5028,13299.0,66,0.004962779156327543
10,5029,13309.0,66,0.0049590502667367945
10,5030,13319.0,66,0.004955326976499737
10,5031,13329.0,66,0.00495160927301373
10,5032,13339.0,66,0.0049478971437139216
10,5033,13349.0,66,0.004944190576073114
10,5034,13359.0,66,0.004940489557601617
10,5035,13369.0,66,0.004936794075847109
10,5036,13379.0,66,0.004933104118394499
10,5037,13389.0,66,0.004929419672865786
10,5038,13399.0,66,0.00492574072691992
10,5039,13409.0,66,0.004922067268252666
10,5040,13419.0,66,0.0049183992845964674
10,5041,13429.0,66,0.004914736763720307
10,5042,13439.0,66,0.00491107969342957
10,5043,13449.0,66,0.004907428061565916
10,5044,13459.0,66,0.004903781856007133
10,5045,13469.0,66,0.004900141064667013
10,5046,13479.0,66,0.004896505675495215
10,5047,13489.0,66,0.004892875676477129
10,5048,13499.0,66,0.004889251055633751
10,5049,13509.0,66,0.004885631801021541
10,5050,13519.0,66,0.004882017900732303
10,5051,13529.0,66,0.004878409342893045
10,5052,13539.0,66,0.004874806115665854
10,5053,13549.0,66,0.004871208207247768
10,5054,13559.0,66,0.00486761560587064
10,5055,13569.0,66,0.004864028299801017
10,5056,13579.0,66,0.00486044627734001
10,5057,13589.0,66,0.004856869526823166
10,5058,13599.0,66,0.004853298036620339
10,5059,13609.0,66,0.004849731795135572
10,5060,13619.0,66,0.004846170790806961
10,5061,13629.0,66,0.004842615012106538
10,5062,13639.0,66,0.004839064447540143
10,5063,13649.0,66,0.0048355190856473
10,5064,13659.0,66,0.004831978915001098
10,5065,13669.0,66,0.004828443924208062
10,5066,13679.0,66,0.0048249141019080346
10,5067,13689.0,66,0.004821389436774052
10,5068,13699.0,66,0.0048178699175122274
10,5069,13709.0,66,0.004814355532861624
10,5070,13719.0,66,0.004810846271594139
10,5071,13729.0,66,0.004807342122514386
10,5072,13739.0,66,0.004803843074459567
10,5073,13749.0,66,0.0048003491162993675
10,5074,13759.0,66,0.004796860236935823
10,5075,13769.0,66,0.004793376425303217
10,5076,13779.0,66,0.004789897670367951
10,5077,13789.0,66,0.004786423961128436
10,5078,13799.0,66,0.004782955286614972
10,5079,13809.0,66,0.004779491635889637
10,5080,13819.0,66,0.004776032998046169
10,5081,13829.0,66,0.004772579362209849
10,5082,13839.0,66,0.004769130717537394
10,5083,13849.0,66,0.004765687053216839
10,5084,13859.0,66,0.004762248358467422
10,5085,13869.0,66,0.004758814622539477
10,5086,13879.0,66,0.004755385834714317
10,5087,13889.0,66,0.004751961984304126
11,5088,13890.0,66,0.004751619870410367
11,5089,13891.0,66,0.0047512778057735225
11,5090,13892.0,66,0.004750935790382954
11,5091,13893.0,66,0.004750593824228029
11,5092,13894.0,66,0.004750251907298115
11,5093,13895.0,66,0.004749910039582583
11,5094,13896.0,66,0.004749568221070812
11,5095,13906.0,66,0.004746152739824536
11,5096,13916.0,66,0.004742742167289451
11,5097,13926.0,66,0.004739336492890996
11,5098,13936.0,66,0.00473593570608496
11,5099,13946.0,66,0.0047325397963573785
11,5100,13956.0,66,0.004729148753224419
11,5101,13966.0,66,0.004725762566232279
11,5102,13976.0,66,0.004722381224957069
11,5103,13986.0,66,0.004719004719004719
11,5104,13996.0,66,0.00471563303801086
11,5105,14006.0,66,0.004712266171640726
11,5106,14016.0,66,0.004708904109589041
11,5107,14026.0,66,0.004705546841579923
11,5108,14036.0,66,0.004702194357366771
11,5109,14046.0,66,0.004698846646732166
11,5110,14056.0,66,0.004695503699487763
11,5111,14066.0,66,0.004692165505474193
11,5112,14076.0,66,0.004688832054560955
11,5113,14086.0,66,0.004685503336646316
11,5114,14096.0,66,0.004682179341657208
11,5115,14106.0,66,0.004678860059549128
11,5116,14116.0,66,0.004675545480306036
11,5117,14126.0,67,0.0047430270423332865
11,5118,14136.0,67,0.004739671760045274
11,5119,14146.0,67,0.004736321221546727
11,5120,14156.0,67,0.0047329754167844025
11,5121,14166.0,67,0.004729634335733446
11,5122,14176.0,67,0.004726297968397291
11,5123,14186.0,67,0.004722966304807557
11,5124,14196.0,67,0.004719639335023951
11,5125,14206.0,67,0.004716317049134168
11,5126,14216.0,67,0.004712999437253798
11,5127,14226.0,67,0.004709686489526219
11,5128,14236.0,67,0.004706378196122506
11,5129,14246.0,67,0.004703074547241331
11,5130,14256.0,67,0.004699775533108867
11,5131,14266.0,67,0.004696481143978691
11,5132,14276.0,67,0.004693191370131689
11,5133,14286.0,67,0.004689906201875963
11,5134,14296.0,67,0.004686625629546726
11,5135,14306.0,67,0.004683349643506221
11,5136,14316.0,67,0.004680078234143616
11,5137,14326.0,67,0.004676811391874913
11,5138,14336.0,67,0.004673549107142857
11,5139,14346.0,67,0.004670291370416841
11,5140,14356.0,67,0.004667038172192811
11,5141,14366.0,67,0.004663789502993178
11,5142,14376.0,67,0.0046605453533667225
11,5143,14386.0,67,0.004657305713888503
11,5144,14396.0,67,0.004654070575159767
11,5145,14406.0,67,0.004650839927807858
11,5146,14416.0,67,0.004647613762486126
11,5147,14426.0,67,0.004644392069873839
11,5148,14436.0,67,0.004641174840676087
11,5149,14446.0,67,0.0046379620656237025
11,5150,14456.0,67,0.00463475373547316
11,5151,14466.0,67,0.004631549841006498
11,5152,14476.0,67,0.004628350373031224
11,5153,14486.0,67,0.004625155322380229
11,5154,14496.0,67,0.0046219646799117
11,5155,14506.0,67,0.004618778436509031
11,5156,14516.0,67,0.004615596583080739
11,5157,14526.0,67,0.004612419110560375
11,5158,14536.0,67,0.004609246009906439
11,5159,14546.0,67,0.0046060772721022965
11,5160,14556.0,67,0.004602912888156087
11,5161,14566.0,67,0.004599752849100645
11,5162,14576.0,67,0.0045965971459934135
11,5163,14586.0,67,0.004593445769916358
11,5164,14596.0,67,0.004590298711975884
11,5165,14606.0,67,0.0045871559633027525
11,5166,14616.0,67,0.004584017515051998
11,5167,14626.0,67,0.004580883358402844
11,5168,14636.0,67,0.004577753484558623
11,5169,14646.0,67,0.004574627884746689
11,5170,14656.0,67,0.004571506550218341
11,5171,14666.0,67,0.004568389472248738
11,5172,14676.0,67,0.004565276642136822
11,5173,14686.0,67,0.004562168051205229
11,5174,14696.0,67,0.004559063690800218
11,5175,14706.0,67,0.004555963552291582
11,5176,14716.0,67,0.004552867627072574
11,5177,14726.0,67,0.004549775906559826
11,5178,14736.0,67,0.0045466883821932685
11,5179,14746.0,67,0.004543605045436051
11,5180,14756.0,67,0.004540525887774464
11,5181,14766.0,67,0.004537450900717865
11,5182,14776.0,67,0.004534380075798592
11,5183,14786.0,67,0.004531313404571892
11,5184,14796.0,67,0.004528250878615842
11,5185,14806.0,67,0.004525192489531271
11,5186,14816.0,67,0.004522138228941684
11,5187,14826.0,67,0.004519088088493188
11,5188,14836.0,67,0.004516042059854408
11,5189,14846.0,67,0.004513000134716422
11,5190,14856.0,67,0.0045099623047926765
11,5191,14866.0,67,0.0045069285618189155
11,5192,14876.0,67,0.004503898897553106
11,5193,14886.0,67,0.00450087330377536
11,5194,14896.0,67,0.004497851772287863
11,5195,14906.0,67,0.0044948342949148
11,5196,14916.0,67,0.00449182086350228
11,5197,14926.0,67,0.004488811469918264
11,5198,14936.0,67,0.004485806106052491
11,5199,14946.0,67,0.004482804763816406
11,5200,14956.0,67,0.004479807435143086
11,5201,14966.0,67,0.004476814111987171
11,5202,14976.0,67,0.004473824786324786
11,5203,14986.0,67,0.004470839450153477
11,5204,14996.0,67,0.0044678580954921315
11,5205,15006.0,67,0.004464880714380915
11,5206,15016.0,67,0.004461907298881193
11,5207,15026.0,67,0.004458937841075469
11,5208,15036.0,67,0.004455972333067305
11,5209,15046.0,67,0.0044530107669812575
11,5210,15056.0,67,0.0044500531349628055
11,5211,15066.0,67,0.004447099429178282
12,5212,15067.0,67,0.00444680427424172
12,5213,15068.0,67,0.00444650915848155
12,5214,15069.0,67,0.004446214081889973
12,5215,15070.0,67,0.00444591904445919
12,5216,15071.0,67,0.004445624046181408
12,5217,15081.0,67,0.004442676215105099
12,5218,15091.0,67,0.004439732290769333
12,5219,15101.0,67,0.004436792265412886
12,5220,15111.0,67,0.004433856131295083
12,5221,15121.0,67,0.004430923880695721
12,5222,15131.0,67,0.004427995505915009
12,5223,15141.0,67,0.004425070999273496
12,5224,15151.0,67,0.0044221503531120055
12,5225,15161.0,67,0.004419233559791571
12,5226,15171.0,67,0.004416320611693362
12,5227,15181.0,67,0.004413411501218628
12,5228,15191.0,67,0.004410506220788625
12,5229,15201.0,67,0.0044076047628445495
12,5230,15211.0,67,0.004404707119847479
12,5231,15221.0,67,0.0044018132842783
12,5232,15231.0,67,0.004398923248637647
12,5233,15241.0,67,0.004396037005445837
12,5234,15251.0,67,0.004393154547242804
12,5235,15261.0,67,0.004390275866588035
12,5236,15271.0,67,0.0043874009560605064
12,5237,15281.0,67,0.004384529808258622
12,5238,15291.0,67,0.004381662415800144
12,5239,15301.0,67,0.004378798771322136
12,5240,15311.0,67,0.004375938867480896
12,5241,15321.0,67,0.004373082696951896
12,5242,15331.0,67,0.004370230252429718
12,5243,15341.0,67,0.00436738152662799
12,5244,15351.0,67,0.0043645365122793305
12,5245,15361.0,67,0.004361695202135278
12,5246,15371.0,67,0.004358857588966235
12,5247,15381.0,67,0.004356023665561407
12,5248,15391.0,67,0.004353193424728737
12,5249,15401.0,67,0.004350366859294851
12,5250,15411.0,67,0.00434754396210499
12,5251,15421.0,67,0.004344724726022956
12,5252,15431.0,67,0.004341909143931048
12,5253,15441.0,67,0.004339097208730005
12,5254,15451.0,67,0.0043362889133389424
12,5255,15461.0,67,0.004333484250695298
12,5256,15471.0,67,0.004330683213754767
12,5257,15481.0,67,0.004327885795491248
12,5258,15491.0,67,0.004325091988896778
12,5259,15501.0,67,0.004322301786981485
12,5260,15511.0,67,0.004319515182773515
12,5261,15521.0,67,0.004316732169318987
12,5262,15531.0,67,0.004313952739681926
12,5263,15541.0,67,0.004311176886944212
12,5264,15551.0,67,0.004308404604205517
12,5265,15561.0,67,0.004305635884583253
12,5266,15571.0,67,0.00430287072121251
12,5267,15581.0,67,0.0043001091072460045
12,5268,15591.0,67,0.004297351035854018
12,5269,15601.0,67,0.004294596500224345
12,5270,15611.0,67,0.004291845493562232
12,5271,15621.0,67,0.004289098009090327
12,5272,15631.0,67,0.004286354040048622
12,5273,15641.0,67,0.004283613579694393
12,5274,15651.0,67,0.004280876621302153
12,5275,15661.0,67,0.0042781431581635915
12,5276,15671.0,67,0.004275413183587518
12,5277,15681.0,67,0.004272686690899815
12,5278,15691.0,67,0.004269963673443376
12,5279,15701.0,67,0.004267244124578053
12,5280,15711.0,67,0.004264528037680606
12,5281,15721.0,67,0.004261815406144647
12,5282,15731.0,67,0.004259106223380586
12,5283,15741.0,67,0.004256400482815577
12,5284,15751.0,67,0.004253698177893467
12,5285,15761.0,67,0.004250999302074741
12,5286,15771.0,67,0.004248303848836472
12,5287,15781.0,67,0.004245611811672264
12,5288,15791.0,67,0.004242923184092204
12,5289,15801.0,67,0.004240237959622808
12,5290,15811.0,67,0.00423755613180697
12,5291,15821.0,67,0.004234877694203906
12,5292,15831.0,67,0.00423220264038911
12,5293,15841.0,67,0.004229530963954296
12,5294,15851.0,67,0.00422686265850735
12,5295,15861.0,67,0.004224197717672278
12,5296,15871.0,67,0.0042215361350891566
12,5297,15881.0,67,0.0042188779044140794
12,5298,15891.0,67,0.004216223019319111
12,5299,15901.0,67,0.004213571473492233
12,5300,15911.0,67,0.004210923260637295
12,5301,15921.0,67,0.004208278374473965
12,5302,15931.0,67,0.0042056368087376814
12,5303,15941.0,67,0.0042029985571796
12,5304,15951.0,67,0.004200363613566548
12,5305,15961.0,67,0.004197731971680972
12,5306,15971.0,67,0.004195103625320894
12,5307,15981.0,67,0.004192478568299856
12,5308,15991.0,67,0.004189856794446876
12,5309,16001.0,67,0.0041872382976064
12,5310,16011.0,67,0.0041846230716382484
12,5311,16021.0,67,0.004182011110417577
12,5312,16031.0,67,0.00417940240783482
12,5313,16041.0,67,0.004176796957795648
12,5314,16051.0,67,0.004174194754220921
12,5315,16061.0,67,0.004171595791046635
12,5316,16071.0,67,0.004169000062223881
12,5317,16081.0,67,0.004166407561718799
12,5318,16091.0,67,0.004163818283512522
12,5319,16101.0,67,0.004161232221601143
12,5320,16111.0,67,0.004158649369995655
12,5321,16121.0,67,0.004156069722721915
12,5322,16131.0,67,0.004153493273820594
12,5323,16141.0,67,0.004150920017347129
12,5324,16151.0,67,0.00414834994737168
12,5325,16161.0,67,0.004145783057979085
12,5326,16171.0,67,0.0041432193432688145
12,5327,16181.0,67,0.004140658797354923
12,5328,16191.0,67,0.004138101414366006
12,5329,16201.0,67,0.004135547188445158
12,5330,16211.0,67,0.004132996113749923
12,5331,16221.0,67,0.004130448184452253
12,5332,16231.0,67,0.004127903394738464
12,5333,16241.0,67,0.004125361738809187
13,5334,16242.0,67,0.004125107745351558
13,5335,16243.0,67,0.004124853783168134
13,5336,16244.0,67,0.004124599852253139
13,5337,16245.0,67,0.0041243459526008
13,5338,16246.0,67,0.0041240920842053426
13,5339,16256.0,67,0.004121555118110236
13,5340,16266.0,67,0.0041190212713635805
13,5341,16276.0,67,0.004116490538215778
13,5342,16286.0,67,0.004113962912931352
13,5343,16296.0,67,0.004111438389788905
13,5344,16306.0,67,0.004108916963081075
13,5345,16316.0,67,0.004106398627114489
13,5346,16326.0,67,0.004103883376209727
13,5347,16336.0,67,0.004101371204701274
13,5348,16346.0,67,0.004098862106937477
13,5349,16356.0,67,0.004096356077280509
13,5350,16366.0,67,0.004093853110106318
13,5351,16376.0,67,0.004091353199804592
13,5352,16386.0,67,0.0040888563407787135
13,5353,16396.0,67,0.004086362527445719
13,5354,16406.0,67,0.004083871754236255
13,5355,16416.0,67,0.004081384015594542
13,5356,16426.0,67,0.004078899305978327
13,5357,16436.0,67,0.004076417619858846
13,5358,16446.0,67,0.004073938951720783
13,5359,16456.0,67,0.004071463296062227
13,5360,16466.0,67,0.004068990647394632
13,5361,16476.0,67,0.004066521000242777
13,5362,16486.0,67,0.004064054349144729
13,5363,16496.0,67,0.004061590688651795
13,5364,16506.0,67,0.004059130013328487
13,5365,16516.0,67,0.004056672317752482
13,5366,16526.0,67,0.004054217596514583
13,5367,16536.0,67,0.004051765844218675
13,5368,16546.0,67,0.004049317055481687
13,5369,16556.0,67,0.004046871224933559
13,5370,16566.0,67,0.004044428347217192
13,5371,16576.0,67,0.004041988416988417
13,5372,16586.0,67,0.004039551428915953
13,5373,16596.0,67,0.004037117377681369
13,5374,16606.0,67,0.0040346862579790435
13,5375,16616.0,67,0.004032258064516129
13,5376,16626.0,67,0.004029832792012511
13,5377,16636.0,67,0.004027410435200769
13,5378,16646.0,67,0.004024990988826144
13,5379,16656.0,67,0.004022574447646494
13,5380,16666.0,67,0.004020160806432257
13,5381,16676.0,67,0.004017750059966419
13,5382,16686.0,67,0.004015342203044468
13,5383,16696.0,67,0.004012937230474365
13,5384,16706.0,67,0.004010535137076499
13,5385,16716.0,67,0.004008135917683656
13,5386,16726.0,67,0.004005739567140978
13,5387,16736.0,67,0.004003346080305927
13,5388,16746.0,67,0.00400095545204825
13,5389,16756.0,67,0.00399856767724994
13,5390,16766.0,67,0.003996182750805201
13,5391,16776.0,67,0.00399380066762041
13,5392,16786.0,67,0.003991421422614083
13,5393,16796.0,67,0.003989045010716837
13,5394,16806.0,67,0.003986671426871356
13,5395,16816.0,67,0.0039843006660323504
13,5396,16826.0,67,0.003981932723166528
13,5397,16836.0,67,0.003979567593252554
13,5398,16846.0,67,0.003977205271281016
13,5399,16856.0,67,0.00397484575225439
13,5400,16866.0,67,0.0039724890311870036
13,5401,16876.0,67,0.003970135103105002
13,5402,16886.0,67,0.00396778396304631
13,5403,16896.0,67,0.003965435606060606
13,5404,16906.0,67,0.003963090027209275
13,5405,16916.0,67,0.003960747221565382
13,5406,16926.0,67,0.003958407184213636
13,5407,16936.0,67,0.003956069910250355
13,5408,16946.0,67,0.00395373539478343
13,5409,16956.0,67,0.003951403632932295
13,5410,16966.0,67,0.003949074619827891
13,5411,16976.0,67,0.00394674835061263
13,5412,16986.0,67,0.0039444248204403625
13,5413,16996.0,67,0.003942104024476347
13,5414,17006.0,67,0.003939785957897212
13,5415,17016.0,67,0.003937470615890926
13,5416,17026.0,67,0.00393515799365676
13,5417,17036.0,67,0.00393284808640526
13,5418,17046.0,67,0.0039305408893582075
13,5419,17056.0,67,0.003928236397748593
13,5420,17066.0,67,0.003925934606820579
13,5421,17076.0,67,0.0039236355118294685
13,5422,17086.0,67,0.003921339108041671
13,5423,17096.0,67,0.003919045390734675
13,5424,17106.0,67,0.003916754355197007
13,5425,17116.0,67,0.003914465996728208
13,5426,17126.0,67,0.0039121803106387945
13,5427,17136.0,67,0.003909897292250233
13,5428,17146.0,67,0.003907616936894903
13,5429,17156.0,67,0.0039053392399160643
13,5430,17166.0,67,0.0039030641966678317
13,5431,17176.0,67,0.0039007918025151375
13,5432,17186.0,67,0.003898522052833702
13,5433,17196.0,67,0.003896254943010002
13,5434,17206.0,67,0.0038939904684412415
13,5435,17216.0,67,0.003891728624535316
13,5436,17226.0,67,0.003889469406710786
13,5437,17236.0,67,0.003887212810396844
13,5438,17246.0,67,0.003884958831033283
13,5439,17256.0,67,0.0038827074640704682
13,5440,17266.0,67,0.0038804587049693037
13,5441,17276.0,67,0.003878212549201204
13,5442,17286.0,67,0.003875968992248062
13,5443,17296.0,67,0.0038737280296022203
13,5444,17306.0,67,0.0038714896567664395
13,5445,17316.0,67,0.0038692538692538694
13,5446,17326.0,67,0.003867020662588018
13,5447,17336.0,67,0.0038647900323027225
13,5448,17346.0,67,0.0038625619739421193
13,5449,17356.0,67,0.003860336483060613
13,5450,17366.0,67,0.0038581135552228493
13,5451,17376.0,67,0.0038558931860036834
13,5452,17386.0,67,0.003853675370988151
13,5453,17396.0,67,0.0038514601057714416
13,5454,17406.0,67,0.0038492473859588648
13,5455,17416.0,67,0.0038470372071658246
14,5456,17426.0,67,0.0038448295650177896
14,5457,17436.0,67,0.0038426244551502636
14,5458,17446.0,67,0.0038404218732087585
14,5459,17456.0,67,0.0038382218148487624
14,5460,17466.0,67,0.003836024275735715
14,5461,17476.0,67,0.003833829251544976
14,5462,17486.0,67,0.003831636737961798
